time_index,reconstruction_error,threshold
0,0.02662957707157147,2.204244503739952
1,0.0074317031556613376,2.204244503739952
2,0.014408045118893072,2.204244503739952
3,0.006777418402747987,2.204244503739952
4,0.013530635580634413,2.204244503739952
5,0.028275308795624662,2.204244503739952
6,0.04775250852651025,2.204244503739952
7,0.01964172843830423,2.204244503739952
8,0.007697469289940837,2.204244503739952
9,0.0030151033661084234,2.204244503739952
10,0.06832695730270566,2.204244503739952
11,0.006806919618497018,2.204244503739952
12,0.01262393396578334,2.204244503739952
13,0.02562803859742781,2.204244503739952
14,0.020328002410023492,2.204244503739952
15,0.003955354890845274,2.204244503739952
16,0.007662397681922022,2.204244503739952
17,0.004508856603859877,2.204244503739952
18,0.005646098877097983,2.204244503739952
19,0.060165844277424316,2.204244503739952
20,0.004763104920603312,2.204244503739952
21,0.0019748201825742313,2.204244503739952
22,0.004458186474691077,2.204244503739952
23,0.046510038609657495,2.204244503739952
24,0.1741576845050683,2.204244503739952
25,0.000903788275133243,2.204244503739952
26,0.004462510347016075,2.204244503739952
27,0.006629152653895154,2.204244503739952
28,0.0029943623152725403,2.204244503739952
29,0.04110632557889687,2.204244503739952
30,0.0036436689851492093,2.204244503739952
31,0.013708708082708045,2.204244503739952
32,0.009737066411886808,2.204244503739952
33,0.01635400988265518,2.204244503739952
34,0.006311270494918464,2.204244503739952
35,0.0065134541950120995,2.204244503739952
36,0.0034407162948916206,2.204244503739952
37,0.007908014673803723,2.204244503739952
38,0.004009636239043941,2.204244503739952
39,0.0015558131311923808,2.204244503739952
40,0.012801537761600488,2.204244503739952
41,0.03347750563098087,2.204244503739952
42,0.01757910537913085,2.204244503739952
43,0.009052016888376297,2.204244503739952
44,0.0060892004884160935,2.204244503739952
45,0.02010117163193361,2.204244503739952
46,0.019507906670065023,2.204244503739952
47,0.008579297993328234,2.204244503739952
48,0.004014772287577154,2.204244503739952
49,0.035022316426619376,2.204244503739952
50,0.0005349906551213059,2.204244503739952
51,0.002882215338129183,2.204244503739952
52,0.0010232390956292942,2.204244503739952
53,0.0029366763389280562,2.204244503739952
54,0.0018546432850546379,2.204244503739952
55,0.005673247940527856,2.204244503739952
56,0.015634686374769714,2.204244503739952
57,0.028834002464500106,2.204244503739952
58,0.0036748028162662473,2.204244503739952
59,0.022945491640830745,2.204244503739952
60,0.0042176379106728555,2.204244503739952
61,0.0043084105310840564,2.204244503739952
62,0.00422765162734175,2.204244503739952
63,0.0028963777798863707,2.204244503739952
64,0.003195860279554897,2.204244503739952
65,0.004320061660865608,2.204244503739952
66,0.0031601273948422357,2.204244503739952
67,0.006453151724228144,2.204244503739952
68,0.0035847853293034903,2.204244503739952
69,0.003680087164423553,2.204244503739952
70,0.004760838403000284,2.204244503739952
71,0.0015620868248928323,2.204244503739952
72,0.0020443733647758323,2.204244503739952
73,0.008463808189471528,2.204244503739952
74,0.0016062368923073552,2.204244503739952
75,0.004726925090082934,2.204244503739952
76,0.006083652234461914,2.204244503739952
77,0.007026305002107942,2.204244503739952
78,0.0033633896561218587,2.204244503739952
79,0.006166463256550644,2.204244503739952
80,0.007711252329020664,2.204244503739952
81,0.0035412623034115622,2.204244503739952
82,0.00538206925305944,2.204244503739952
83,0.003309455229815319,2.204244503739952
84,0.012105724080478417,2.204244503739952
85,0.010978114184546875,2.204244503739952
86,0.007449168911636845,2.204244503739952
87,0.015384599774247137,2.204244503739952
88,0.00975889256524703,2.204244503739952
89,0.0025213185020822836,2.204244503739952
90,0.007991099947674336,2.204244503739952
91,0.005523334796018301,2.204244503739952
92,0.005192940150747123,2.204244503739952
93,0.009031810935727358,2.204244503739952
94,0.0106818777812781,2.204244503739952
95,0.006614490635882804,2.204244503739952
96,0.0017575120737577678,2.204244503739952
97,0.003651688499180578,2.204244503739952
98,0.009148412160429338,2.204244503739952
99,0.010703719145967521,2.204244503739952
100,0.007770647994194412,2.204244503739952
101,0.010449290233988126,2.204244503739952
102,0.004182306367133523,2.204244503739952
103,0.0037679718473684664,2.204244503739952
104,0.006710023441668991,2.204244503739952
105,0.008511205464016618,2.204244503739952
106,0.005274774311921653,2.204244503739952
107,0.0037552611788747936,2.204244503739952
108,0.028573578576308677,2.204244503739952
109,0.005418431207865492,2.204244503739952
110,0.002037332613792852,2.204244503739952
111,0.0022351811456200505,2.204244503739952
112,0.034873086951802475,2.204244503739952
113,0.0045399803441268215,2.204244503739952
114,0.0082834586151711,2.204244503739952
115,0.0020648948944797375,2.204244503739952
116,0.002336369297491788,2.204244503739952
117,0.005335750410712199,2.204244503739952
118,0.0109027846619435,2.204244503739952
119,0.005057569181413564,2.204244503739952
120,0.002599166639052254,2.204244503739952
121,0.002275496062946961,2.204244503739952
122,0.0023601764431987688,2.204244503739952
123,0.0025866339008892023,2.204244503739952
124,0.0001761693762946639,2.204244503739952
125,0.0014901487287411264,2.204244503739952
126,0.00121681162481051,2.204244503739952
127,0.00032055393493478113,2.204244503739952
128,0.0014500798511614228,2.204244503739952
129,0.0010539376568185674,2.204244503739952
130,0.00431109725415496,2.204244503739952
131,0.004700772985279347,2.204244503739952
132,0.004463246021367302,2.204244503739952
133,0.0016642967489715053,2.204244503739952
134,0.006977778682247571,2.204244503739952
135,0.006289939797507459,2.204244503739952
136,0.009614431161232942,2.204244503739952
137,0.004112499473043844,2.204244503739952
138,0.01095578947991365,2.204244503739952
139,0.005671423663166721,2.204244503739952
140,0.00405734706957797,2.204244503739952
141,0.0007601536649880728,2.204244503739952
142,0.0009998630482932914,2.204244503739952
143,0.003693594157457936,2.204244503739952
144,0.0029715980731779847,2.204244503739952
145,0.003964411337916158,2.204244503739952
146,0.0021174751893828685,2.204244503739952
147,0.011089218188359415,2.204244503739952
148,0.0008142974205704232,2.204244503739952
149,0.0005262485984625228,2.204244503739952
150,0.013084286055063257,2.204244503739952
151,0.0036140650663630935,2.204244503739952
152,0.0020663204311735985,2.204244503739952
153,0.007464889463915503,2.204244503739952
154,0.004739483177363373,2.204244503739952
155,0.07116925064590461,2.204244503739952
156,0.00019712216264743018,2.204244503739952
157,0.0020598081104225624,2.204244503739952
158,0.00103742860717864,2.204244503739952
159,0.003753687517638692,2.204244503739952
160,0.0005965011514486719,2.204244503739952
161,0.0002574597449825773,2.204244503739952
162,0.06794792320094858,2.204244503739952
163,0.00029467489336224587,2.204244503739952
164,0.00012419965638381703,2.204244503739952
165,0.0018460696856007325,2.204244503739952
166,0.0003703643694042894,2.204244503739952
167,0.0002308474049410693,2.204244503739952
168,0.0007385988237183712,2.204244503739952
169,0.001522841390439838,2.204244503739952
170,0.000625858731853937,2.204244503739952
171,9.982829902020624e-05,2.204244503739952
172,0.000306842850799381,2.204244503739952
173,0.0003685385473203063,2.204244503739952
174,0.00029674753020925637,2.204244503739952
175,0.0006860525978897471,2.204244503739952
176,0.0003851965617382399,2.204244503739952
177,0.0014640452929882294,2.204244503739952
178,0.002162908570396396,2.204244503739952
179,8.371413529910618e-06,2.204244503739952
180,0.004935888758389172,2.204244503739952
181,0.0007577487338875169,2.204244503739952
182,0.0009352747683684065,2.204244503739952
183,0.0020717438953737014,2.204244503739952
184,0.0004915334065408911,2.204244503739952
185,0.00223133985005696,2.204244503739952
186,0.00014627439308829092,2.204244503739952
187,0.0023320150129462025,2.204244503739952
188,0.0011763535578250331,2.204244503739952
189,0.00191839422284851,2.204244503739952
190,0.000905257155543197,2.204244503739952
191,0.0011207284956885383,2.204244503739952
192,0.0010545119159117492,2.204244503739952
193,0.00319273747866536,2.204244503739952
194,0.001209395615575705,2.204244503739952
195,0.004128140356720394,2.204244503739952
196,0.002024944218390109,2.204244503739952
197,0.002583162984504274,2.204244503739952
198,0.001331781992045043,2.204244503739952
199,0.0011178639071584915,2.204244503739952
200,0.002161594762954083,2.204244503739952
201,0.0008554697972822346,2.204244503739952
202,0.0007506777045721564,2.204244503739952
203,0.0005993763947795949,2.204244503739952
204,0.0036841550811177568,2.204244503739952
205,0.002148716039838413,2.204244503739952
206,0.0042902752678482545,2.204244503739952
207,0.004825456145375919,2.204244503739952
208,0.00041195644592903144,2.204244503739952
209,0.0004887801366308135,2.204244503739952
210,0.0021463374885953073,2.204244503739952
211,0.002159026338718233,2.204244503739952
212,0.0010254211619448725,2.204244503739952
213,0.0014743310875895478,2.204244503739952
214,0.0033894611727585777,2.204244503739952
215,0.0008777439846553427,2.204244503739952
216,0.0001218108723492287,2.204244503739952
217,0.000910698417600053,2.204244503739952
218,0.003122543684653187,2.204244503739952
219,0.0008692143296652273,2.204244503739952
220,0.00039256195927487675,2.204244503739952
221,0.00011587351181014153,2.204244503739952
222,0.0005567307041135309,2.204244503739952
223,0.0022014352108483152,2.204244503739952
224,5.901750706755528e-05,2.204244503739952
225,0.000761675836756625,2.204244503739952
226,0.0011534974076320061,2.204244503739952
227,4.558124101025386e-05,2.204244503739952
228,0.0003608391120004683,2.204244503739952
229,0.0008227519246757319,2.204244503739952
230,0.0002259704184107009,2.204244503739952
231,0.0003024653095809449,2.204244503739952
232,0.0003760382843765187,2.204244503739952
233,0.0002899602372886695,2.204244503739952
234,0.000409798105372587,2.204244503739952
235,0.0011586562570465393,2.204244503739952
236,0.0010910121387377762,2.204244503739952
237,1.785818735422011e-05,2.204244503739952
238,0.00025588865252903424,2.204244503739952
239,0.001550229741569921,2.204244503739952
240,0.002439830072533664,2.204244503739952
241,0.0008131552810348908,2.204244503739952
242,0.0004147507597191606,2.204244503739952
243,2.4866129822919595e-05,2.204244503739952
244,0.002631021792333134,2.204244503739952
245,0.00023211868294167578,2.204244503739952
246,0.002133800981154572,2.204244503739952
247,0.00033767614600649506,2.204244503739952
248,0.0003982232960824175,2.204244503739952
249,0.0004156583501843738,2.204244503739952
250,0.0002631289702380988,2.204244503739952
251,0.00019628184732186052,2.204244503739952
252,0.00143772688953264,2.204244503739952
253,0.0008642465765828031,2.204244503739952
254,0.00025395970990928386,2.204244503739952
255,0.0005097276971301622,2.204244503739952
256,0.00010388171226815542,2.204244503739952
257,0.0007663689624680091,2.204244503739952
258,0.0008247110633711085,2.204244503739952
259,0.0030887363622193716,2.204244503739952
260,0.0009059440664036487,2.204244503739952
261,0.00024666045478324237,2.204244503739952
262,0.002906580538609929,2.204244503739952
263,5.062636077372159e-05,2.204244503739952
264,0.00047309584683105784,2.204244503739952
265,0.0003964189941769873,2.204244503739952
266,0.003236007229823804,2.204244503739952
267,0.00013080593068930568,2.204244503739952
268,8.479773215322521e-05,2.204244503739952
269,2.1320804161616053e-05,2.204244503739952
270,0.00023512981754898624,2.204244503739952
271,0.00010211334470273484,2.204244503739952
272,0.001322251533201909,2.204244503739952
273,0.00032399017152027993,2.204244503739952
274,0.00040443705888212054,2.204244503739952
275,0.0006365600800798071,2.204244503739952
276,0.0007440599100999813,2.204244503739952
277,0.0011237194373373758,2.204244503739952
278,0.0007677416994577608,2.204244503739952
279,0.00022170488378540402,2.204244503739952
280,0.0004050300821237258,2.204244503739952
281,0.002979912656176687,2.204244503739952
282,0.0003321104242667069,2.204244503739952
283,0.0004023327163304777,2.204244503739952
284,0.0001977057924736033,2.204244503739952
285,8.347698877066929e-05,2.204244503739952
286,0.00016101936025920917,2.204244503739952
287,0.00015682677156789762,2.204244503739952
288,0.00010137108817755178,2.204244503739952
289,0.0002341320959183821,2.204244503739952
290,3.6514825529654554e-05,2.204244503739952
291,1.997751312865178e-05,2.204244503739952
292,0.0005345838324631821,2.204244503739952
293,8.386512253524422e-05,2.204244503739952
294,7.568987981025629e-05,2.204244503739952
295,0.0007347220411287908,2.204244503739952
296,0.0014440278337006591,2.204244503739952
297,0.000377349851531392,2.204244503739952
298,0.0001693833181713822,2.204244503739952
299,0.0001934854970527568,2.204244503739952
300,0.0011303402328025495,2.204244503739952
301,0.00032792667168552375,2.204244503739952
302,0.0013012284446630687,2.204244503739952
303,0.000980169040498221,2.204244503739952
304,0.00083464754658982,2.204244503739952
305,0.0019108506831460072,2.204244503739952
306,2.8505636359332334e-05,2.204244503739952
307,0.000189035643059131,2.204244503739952
308,0.00035340484464701843,2.204244503739952
309,6.370530488035194e-05,2.204244503739952
310,6.452220750171625e-05,2.204244503739952
311,0.0005415879021735907,2.204244503739952
312,5.465950700700321e-05,2.204244503739952
313,0.0016084592746805314,2.204244503739952
314,0.00015975242548918613,2.204244503739952
315,0.0005045823184822467,2.204244503739952
316,0.00022572954853553409,2.204244503739952
317,4.523868561223065e-05,2.204244503739952
318,0.0003517287200646462,2.204244503739952
319,0.0007924780134211585,2.204244503739952
320,0.0025802731310064896,2.204244503739952
321,0.00368388645385977,2.204244503739952
322,0.0008138527047021011,2.204244503739952
323,4.6419036448832224e-05,2.204244503739952
324,0.0023115159245685477,2.204244503739952
325,0.0003703035020470866,2.204244503739952
326,0.0011639027300133504,2.204244503739952
327,0.0029563639119096776,2.204244503739952
328,0.00020638796367864563,2.204244503739952
329,0.00038665170278848914,2.204244503739952
330,0.0001153797515888199,2.204244503739952
331,0.0005995065338641166,2.204244503739952
332,0.0007159713287166776,2.204244503739952
333,0.0007591560423471133,2.204244503739952
334,0.00032018736532104066,2.204244503739952
335,0.0001353671799656851,2.204244503739952
336,0.0007558004495895041,2.204244503739952
337,0.0010464859630602728,2.204244503739952
338,0.000452182018192836,2.204244503739952
339,0.00019958093921543374,2.204244503739952
340,0.00047807216765227375,2.204244503739952
341,0.0007415334186975454,2.204244503739952
342,0.0003829670984662676,2.204244503739952
343,0.0007753197092474291,2.204244503739952
344,4.0176074809165755e-05,2.204244503739952
345,0.0001320916451789953,2.204244503739952
346,0.00139039584363981,2.204244503739952
347,0.00035869363867275454,2.204244503739952
348,0.000177854989682925,2.204244503739952
349,0.000181649224518982,2.204244503739952
350,0.0006552310291647701,2.204244503739952
351,0.00029647107601435223,2.204244503739952
352,0.0009777031706330584,2.204244503739952
353,3.774092332143455e-05,2.204244503739952
354,0.0008107432119042186,2.204244503739952
355,0.00017890686538972377,2.204244503739952
356,0.00016467417403597217,2.204244503739952
357,0.0005379823721453269,2.204244503739952
358,0.0004590086212710694,2.204244503739952
359,4.622979783645179e-05,2.204244503739952
360,0.0004268615731936202,2.204244503739952
361,0.00041105403159299645,2.204244503739952
362,6.596816948488219e-05,2.204244503739952
363,0.0020636741899629604,2.204244503739952
364,0.00012557544981624247,2.204244503739952
365,0.0011263141207772589,2.204244503739952
366,0.00023373504291725512,2.204244503739952
367,0.00021446550999636605,2.204244503739952
368,0.001461686649741487,2.204244503739952
369,0.0006107779127954506,2.204244503739952
370,0.00011032031255102286,2.204244503739952
371,0.00020169261215233073,2.204244503739952
372,4.142181612289635e-05,2.204244503739952
373,0.0002383858477702275,2.204244503739952
374,0.0007444110439031842,2.204244503739952
375,0.0004002048972651094,2.204244503739952
376,0.0007620540194803943,2.204244503739952
377,0.00029390052974578856,2.204244503739952
378,0.0013325422511548202,2.204244503739952
379,0.0006585441563693063,2.204244503739952
380,0.00013091194962931512,2.204244503739952
381,0.0003366030114054744,2.204244503739952
382,0.0008923883510498726,2.204244503739952
383,0.0031124360336362844,2.204244503739952
384,0.00011419223066534743,2.204244503739952
385,0.0015333023059724029,2.204244503739952
386,0.0004419961309827372,2.204244503739952
387,0.00010005876874041663,2.204244503739952
388,0.0004518071798772244,2.204244503739952
389,4.601543699216275e-05,2.204244503739952
390,0.0003507424049726038,2.204244503739952
391,0.00022855163534968762,2.204244503739952
392,0.0009904377901649181,2.204244503739952
393,0.0010829711625746348,2.204244503739952
394,0.00018287025133595467,2.204244503739952
395,0.0011451124975091255,2.204244503739952
396,0.002009856407971219,2.204244503739952
397,0.0010939776430238333,2.204244503739952
398,0.002721052644631313,2.204244503739952
399,0.001197858666894229,2.204244503739952
400,0.0018407495949197602,2.204244503739952
401,0.00028946408499262087,2.204244503739952
402,0.0002063326160279628,2.204244503739952
403,0.00020722855605191575,2.204244503739952
404,0.0002650981801859974,2.204244503739952
405,0.0001552740405515188,2.204244503739952
406,0.00036723153268397113,2.204244503739952
407,0.000158607356491836,2.204244503739952
408,0.0005155684659570942,2.204244503739952
409,7.100365793562613e-05,2.204244503739952
410,3.5658906084325885e-05,2.204244503739952
411,0.0008076205290662316,2.204244503739952
412,0.0007560141715710032,2.204244503739952
413,0.00024083157302577738,2.204244503739952
414,0.00013239699965219762,2.204244503739952
415,9.917483138593482e-05,2.204244503739952
416,0.0037012516851346196,2.204244503739952
417,7.211485698724294e-05,2.204244503739952
418,0.0005425629032211498,2.204244503739952
419,0.0010454303980500029,2.204244503739952
420,0.0008091512654139028,2.204244503739952
421,0.0004840247319468833,2.204244503739952
422,0.0005341065945761969,2.204244503739952
423,0.0007060146538081797,2.204244503739952
424,0.00011898298601827195,2.204244503739952
425,0.00048689272025291894,2.204244503739952
426,0.0005694917953877998,2.204244503739952
427,3.211049014813327e-05,2.204244503739952
428,0.0003384698032706233,2.204244503739952
429,6.607929738096801e-05,2.204244503739952
430,0.000828902716794174,2.204244503739952
431,8.044310670559239e-05,2.204244503739952
432,0.0003371217280511029,2.204244503739952
433,0.00016204865561754536,2.204244503739952
434,0.00026262042247701163,2.204244503739952
435,0.002719216034932855,2.204244503739952
436,0.0006280195428737321,2.204244503739952
437,0.001812276884090943,2.204244503739952
438,0.0013705498746163767,2.204244503739952
439,0.0015536700732855617,2.204244503739952
440,0.0026371124982246907,2.204244503739952
441,0.0002583650713368148,2.204244503739952
442,0.00033962731666140864,2.204244503739952
443,0.00035838271198014625,2.204244503739952
444,0.0012437838689033725,2.204244503739952
445,0.0021311226326720047,2.204244503739952
446,0.0003345819383759124,2.204244503739952
447,0.00034856583146309315,2.204244503739952
448,0.0007940471322831008,2.204244503739952
449,0.0011189338852554533,2.204244503739952
450,0.0005609932639511955,2.204244503739952
451,0.0006321209116927307,2.204244503739952
452,0.001486680477738778,2.204244503739952
453,0.00017796716834338704,2.204244503739952
454,0.0003039306666890691,2.204244503739952
455,0.001787473771875814,2.204244503739952
456,0.00024606615286667627,2.204244503739952
457,0.00018377013528157816,2.204244503739952
458,0.0004415608152487249,2.204244503739952
459,9.651791511686477e-05,2.204244503739952
460,9.848024328746265e-05,2.204244503739952
461,0.00024808234246339776,2.204244503739952
462,0.00030048294114250185,2.204244503739952
463,0.0005216303698043709,2.204244503739952
464,0.001309075689154021,2.204244503739952
465,0.00025446004863601,2.204244503739952
466,3.6626750314530536e-05,2.204244503739952
467,9.401622796132271e-05,2.204244503739952
468,0.0018503801821281923,2.204244503739952
469,7.177865385041827e-05,2.204244503739952
470,0.0013133005146425988,2.204244503739952
471,0.00018473256935519052,2.204244503739952
472,0.00035139758357137204,2.204244503739952
473,0.0029079056048051002,2.204244503739952
474,0.0003625558908923915,2.204244503739952
475,0.0007017917488348141,2.204244503739952
476,6.390749435378826e-05,2.204244503739952
477,0.0005892319461637442,2.204244503739952
478,0.0004160241718081084,2.204244503739952
479,0.0010415648798404026,2.204244503739952
480,0.0002157489783091111,2.204244503739952
481,0.0005596388178151293,2.204244503739952
482,0.0028565203648423148,2.204244503739952
483,0.0005552284532800888,2.204244503739952
484,0.0027253199639553087,2.204244503739952
485,0.0024781844862814158,2.204244503739952
486,0.0006726468748503281,2.204244503739952
487,0.001169615117955837,2.204244503739952
488,0.0004771251764249489,2.204244503739952
489,0.001282797905444464,2.204244503739952
490,0.003296164273925341,2.204244503739952
491,0.005776036339522018,2.204244503739952
492,0.0013682647736846596,2.204244503739952
493,0.0011679817062711583,2.204244503739952
494,0.0003479630140723157,2.204244503739952
495,0.0008527267475446113,2.204244503739952
496,0.0020203808667628004,2.204244503739952
497,0.001660585589425132,2.204244503739952
498,0.0025481193507312146,2.204244503739952
499,0.0015774760379493416,2.204244503739952
500,0.0008171717673976117,2.204244503739952
501,0.007073803566772682,2.204244503739952
502,0.001162000760928043,2.204244503739952
503,0.0014635323997033993,2.204244503739952
504,0.0009054932057257031,2.204244503739952
505,0.003907960839663445,2.204244503739952
506,0.002871436073157911,2.204244503739952
507,0.0009691680191979875,2.204244503739952
508,0.005666410469274526,2.204244503739952
509,0.0005903388610640647,2.204244503739952
510,0.0023702139575112737,2.204244503739952
511,0.0021971744127782323,2.204244503739952
512,0.004268459243682163,2.204244503739952
513,0.0019227451340332144,2.204244503739952
514,0.0037252194766392204,2.204244503739952
515,0.004221261535157365,2.204244503739952
516,0.0030989872449872424,2.204244503739952
517,0.006328226802498919,2.204244503739952
518,0.002589199540444863,2.204244503739952
519,0.0018812932933357685,2.204244503739952
520,0.009477392402602982,2.204244503739952
521,0.007651185928266679,2.204244503739952
522,0.005112492404910995,2.204244503739952
523,0.0020586704354835592,2.204244503739952
524,0.016835309171372624,2.204244503739952
525,0.019310690291999753,2.204244503739952
526,0.009304864764906497,2.204244503739952
527,0.00706459385037199,2.204244503739952
528,0.020356672510575092,2.204244503739952
529,0.012894016418007059,2.204244503739952
530,0.014429647363834579,2.204244503739952
531,0.015150987325943568,2.204244503739952
532,0.009538745054291784,2.204244503739952
533,0.009152195441515949,2.204244503739952
534,0.005277242542273994,2.204244503739952
535,0.010993294316739208,2.204244503739952
536,0.008596045129668214,2.204244503739952
537,0.008238333213245205,2.204244503739952
538,0.008651491041934637,2.204244503739952
539,0.005990245641746487,2.204244503739952
540,0.0009117115388503603,2.204244503739952
541,0.0008865829891028696,2.204244503739952
542,0.00010720018715891242,2.204244503739952
543,0.0024610624353731824,2.204244503739952
544,0.00022636903556386387,2.204244503739952
545,3.405878527203334e-05,2.204244503739952
546,0.00024219942761652814,2.204244503739952
547,0.0003450995003027853,2.204244503739952
548,0.00011270763636813178,2.204244503739952
549,0.0005234148789319743,2.204244503739952
550,0.0005990709490171929,2.204244503739952
551,0.00014380603715224494,2.204244503739952
552,0.00035214026268113766,2.204244503739952
553,0.000839437969958197,2.204244503739952
554,0.0009945926691810264,2.204244503739952
555,0.0007358104569917124,2.204244503739952
556,0.0002428778944664792,2.204244503739952
557,0.01242156428593403,2.204244503739952
558,0.0014671014549330784,2.204244503739952
559,0.00016015969287828643,2.204244503739952
560,0.00016504556487958324,2.204244503739952
561,0.00014814207316916808,2.204244503739952
562,0.00030810504405903635,2.204244503739952
563,0.0014869709575166085,2.204244503739952
564,0.0005412819700314538,2.204244503739952
565,7.375419333228319e-05,2.204244503739952
566,0.0005016873204985143,2.204244503739952
567,0.0009392053035636673,2.204244503739952
568,2.8221826880296743e-05,2.204244503739952
569,0.0003219724291850809,2.204244503739952
570,0.0005591352242867572,2.204244503739952
571,0.0007096370881583608,2.204244503739952
572,0.0005519328015715613,2.204244503739952
573,0.0006757021243827978,2.204244503739952
574,0.0004129910577380043,2.204244503739952
575,0.00434871230665006,2.204244503739952
576,0.0002837013343541795,2.204244503739952
577,0.0002074517695753667,2.204244503739952
578,0.0006405351608872286,2.204244503739952
579,0.0006442652540445315,2.204244503739952
580,0.0002240921732619907,2.204244503739952
581,0.000414423782550352,2.204244503739952
582,0.0015958374106383494,2.204244503739952
583,1.713679619543617e-05,2.204244503739952
584,0.00094737773996572,2.204244503739952
585,0.000434363939462135,2.204244503739952
586,9.872037608891263e-06,2.204244503739952
587,0.0001953971860390218,2.204244503739952
588,0.000361935080677689,2.204244503739952
589,0.00025187063582559,2.204244503739952
590,0.0002643591550388048,2.204244503739952
591,0.00021923934138296978,2.204244503739952
592,0.00018737428358064115,2.204244503739952
593,9.543717182165456e-05,2.204244503739952
594,0.0006216205817413282,2.204244503739952
595,8.949222632754414e-05,2.204244503739952
596,0.00027577285791820417,2.204244503739952
597,0.0002693307150037,2.204244503739952
598,0.00010486078455025542,2.204244503739952
599,8.407300139962081e-05,2.204244503739952
600,0.00020023306215302014,2.204244503739952
601,5.977180821969375e-05,2.204244503739952
602,0.00046523475428411,2.204244503739952
603,0.0001992577472085903,2.204244503739952
604,8.885803617600246e-05,2.204244503739952
605,0.0011032166161745519,2.204244503739952
606,0.0009778787924446292,2.204244503739952
607,0.000624849744641309,2.204244503739952
608,0.00014850172196219163,2.204244503739952
609,0.0009681259427785398,2.204244503739952
610,0.000370077215323823,2.204244503739952
611,0.00029919284203298895,2.204244503739952
612,0.0013285592917790649,2.204244503739952
613,0.0005373594055466193,2.204244503739952
614,0.00043826523462315653,2.204244503739952
615,0.000651919411084184,2.204244503739952
616,0.0004686083753793834,2.204244503739952
617,0.00029713516097367674,2.204244503739952
618,0.0003963646447275715,2.204244503739952
619,8.638170419757547e-05,2.204244503739952
620,7.228165497334818e-05,2.204244503739952
621,0.00021091725991485364,2.204244503739952
622,0.0001969965433065663,2.204244503739952
623,0.0002237012609835424,2.204244503739952
624,0.0005782813472964716,2.204244503739952
625,0.00010067762666411056,2.204244503739952
626,0.00021893330415983012,2.204244503739952
627,0.0024261267671305646,2.204244503739952
628,0.0005353115877653677,2.204244503739952
629,0.0006069702255805781,2.204244503739952
630,3.784565533757707e-05,2.204244503739952
631,6.521212241509355e-05,2.204244503739952
632,0.003956829489921014,2.204244503739952
633,0.0008657386591392764,2.204244503739952
634,0.0006808654715644316,2.204244503739952
635,0.0005685295018121829,2.204244503739952
636,0.0005102019278357307,2.204244503739952
637,0.004444539739608476,2.204244503739952
638,0.0002388279303251412,2.204244503739952
639,0.000287517167870636,2.204244503739952
640,0.0002946066140215389,2.204244503739952
641,0.0011198055351745021,2.204244503739952
642,0.0019319080285652179,2.204244503739952
643,0.00018590945372967137,2.204244503739952
644,0.0005914421059240377,2.204244503739952
645,0.0004687203445039418,2.204244503739952
646,0.00038758281894431604,2.204244503739952
647,0.000942466693968795,2.204244503739952
648,0.003301627454658406,2.204244503739952
649,0.00024987743029571206,2.204244503739952
650,0.0007323137111562542,2.204244503739952
651,0.00014565863993476138,2.204244503739952
652,0.00017023223771491332,2.204244503739952
653,0.002170325651765142,2.204244503739952
654,0.002047690539740145,2.204244503739952
655,0.00018389777076417723,2.204244503739952
656,0.002396298619596396,2.204244503739952
657,0.004072381466621968,2.204244503739952
658,0.0008332129864866788,2.204244503739952
659,0.0002589370956933328,2.204244503739952
660,0.0006588653868723689,2.204244503739952
661,0.0006727710881906352,2.204244503739952
662,9.659398289502915e-05,2.204244503739952
663,0.0009298295818410365,2.204244503739952
664,0.0004361303687320258,2.204244503739952
665,7.48568763901634e-05,2.204244503739952
666,0.0001263698020994911,2.204244503739952
667,0.0006964450981086709,2.204244503739952
668,0.0001953380656199993,2.204244503739952
669,0.004597843779286835,2.204244503739952
670,0.010305393655193578,2.204244503739952
671,0.00020267856417493325,2.204244503739952
672,0.001236957392502761,2.204244503739952
673,0.02874956248735053,2.204244503739952
674,0.0019751701043745637,2.204244503739952
675,0.001385180459191967,2.204244503739952
676,0.018846343798202367,2.204244503739952
677,0.00013617701426674213,2.204244503739952
678,0.0014641746635764134,2.204244503739952
679,0.0007658660671147383,2.204244503739952
680,0.0006909857232003131,2.204244503739952
681,0.0001327806115388366,2.204244503739952
682,9.662351065667265e-05,2.204244503739952
683,0.00019987344089097286,2.204244503739952
684,0.0005890469815864966,2.204244503739952
685,0.0023545565066325257,2.204244503739952
686,0.0014669452573166167,2.204244503739952
687,0.002470181339003693,2.204244503739952
688,0.0017657354186596313,2.204244503739952
689,0.00046831958457971404,2.204244503739952
690,0.0008758213171124363,2.204244503739952
691,0.0016187377664645458,2.204244503739952
692,0.000107360367902809,2.204244503739952
693,0.0009853312470121602,2.204244503739952
694,0.0003966153475501616,2.204244503739952
695,0.001933480931476461,2.204244503739952
696,0.0010488917399800988,2.204244503739952
697,0.00037003841826354505,2.204244503739952
698,0.00019141782198713167,2.204244503739952
699,5.741620321029993e-06,2.204244503739952
700,0.0001912934029991464,2.204244503739952
701,0.0001478908198892507,2.204244503739952
702,0.0002557665550400687,2.204244503739952
703,0.0004534809302322755,2.204244503739952
704,0.0006184038948553796,2.204244503739952
705,0.0001575906616778753,2.204244503739952
706,0.0018944781005688096,2.204244503739952
707,0.0017403789221029698,2.204244503739952
708,0.00018417297594300086,2.204244503739952
709,4.8950360817455053e-05,2.204244503739952
710,0.00014248458874402547,2.204244503739952
711,0.00028203695154002597,2.204244503739952
712,0.00011550624791038001,2.204244503739952
713,0.0010039495735487958,2.204244503739952
714,0.0006368349206513477,2.204244503739952
715,0.0010502383982090432,2.204244503739952
716,7.446088422761497e-05,2.204244503739952
717,0.0014157421256908924,2.204244503739952
718,7.030618022220663e-05,2.204244503739952
719,0.00022694804210922096,2.204244503739952
720,7.432905094668021e-05,2.204244503739952
721,0.0004646288611731554,2.204244503739952
722,0.00017428238255428344,2.204244503739952
723,0.00042515547733629937,2.204244503739952
724,0.00022099023638363078,2.204244503739952
725,0.000385729307030312,2.204244503739952
726,0.00021573784359692758,2.204244503739952
727,0.0002592536574640133,2.204244503739952
728,0.0021645319301995584,2.204244503739952
729,0.00017354146845586016,2.204244503739952
730,0.000561351037789848,2.204244503739952
731,0.0001257525591395115,2.204244503739952
732,0.0007573505405378533,2.204244503739952
733,9.035016356104645e-05,2.204244503739952
734,0.00018174314522002795,2.204244503739952
735,0.002813347467655839,2.204244503739952
736,7.267255507948453e-05,2.204244503739952
737,0.0013642092829573376,2.204244503739952
738,0.0010088459879676374,2.204244503739952
739,0.0003347143102094641,2.204244503739952
740,0.0003984169706216325,2.204244503739952
741,0.0017329218200605942,2.204244503739952
742,0.0004597951121828148,2.204244503739952
743,0.0002224708236051257,2.204244503739952
744,0.00141315888025081,2.204244503739952
745,0.00010532855882734158,2.204244503739952
746,0.0005477568074455957,2.204244503739952
747,0.00011109561718918235,2.204244503739952
748,0.0006949688928837488,2.204244503739952
749,9.278841231509253e-05,2.204244503739952
750,0.003617365685942159,2.204244503739952
751,8.208946584402436e-05,2.204244503739952
752,0.0004692890580657093,2.204244503739952
753,0.00024966083118027014,2.204244503739952
754,0.0009014908986197262,2.204244503739952
755,0.00020401921574896985,2.204244503739952
756,0.0019195870466145511,2.204244503739952
757,0.0007831500089197606,2.204244503739952
758,0.0001633951921775167,2.204244503739952
759,0.001981309895510298,2.204244503739952
760,7.039216961020438e-05,2.204244503739952
761,0.0005306101468816516,2.204244503739952
762,0.00143533167090011,2.204244503739952
763,0.00018984897681728402,2.204244503739952
764,0.00027576015270982536,2.204244503739952
765,0.0012399774907102259,2.204244503739952
766,0.00012745730380935317,2.204244503739952
767,0.002360306413881505,2.204244503739952
768,0.000844165299697381,2.204244503739952
769,4.88070337037284e-05,2.204244503739952
770,0.0005245578525055492,2.204244503739952
771,0.0010958178269707478,2.204244503739952
772,0.001434511303394534,2.204244503739952
773,0.0005882210420984094,2.204244503739952
774,0.000705208824413793,2.204244503739952
775,0.0002323302039224069,2.204244503739952
776,0.00012381414818533486,2.204244503739952
777,0.0005499290321002979,2.204244503739952
778,0.0005858222690852808,2.204244503739952
779,0.0007803997323294199,2.204244503739952
780,0.0009564622011601111,2.204244503739952
781,0.00021424081532001743,2.204244503739952
782,0.0001840546702288066,2.204244503739952
783,0.00010574112164413922,2.204244503739952
784,0.0016318275695650017,2.204244503739952
785,7.503930448567269e-05,2.204244503739952
786,0.0006379708021724952,2.204244503739952
787,0.0006418394510807649,2.204244503739952
788,0.0015654075077940564,2.204244503739952
789,0.00020704633809474104,2.204244503739952
790,0.0001447198310392818,2.204244503739952
791,0.00016266612773961086,2.204244503739952
792,0.00027646393925228414,2.204244503739952
793,0.00010415896809015811,2.204244503739952
794,0.0006382036777505006,2.204244503739952
795,7.686716058467192e-05,2.204244503739952
796,0.0004956338229109402,2.204244503739952
797,9.323752639924948e-05,2.204244503739952
798,0.00035813745527147565,2.204244503739952
799,0.00020954854653375488,2.204244503739952
800,0.0004734887756934622,2.204244503739952
801,0.0002590093078895361,2.204244503739952
802,0.00040252163671385555,2.204244503739952
803,0.00017587932262332244,2.204244503739952
804,4.8150373138152936e-05,2.204244503739952
805,0.0004816224492372034,2.204244503739952
806,0.0003438867911777886,2.204244503739952
807,0.00031564446620194626,2.204244503739952
808,0.00019786007024956336,2.204244503739952
809,7.383375064928889e-05,2.204244503739952
810,0.00015344889318943502,2.204244503739952
811,0.00024801031483027714,2.204244503739952
812,0.0017481425390524362,2.204244503739952
813,0.003671525694745291,2.204244503739952
814,0.00014337092102010706,2.204244503739952
815,0.00018229045120677845,2.204244503739952
816,0.0004383775265597955,2.204244503739952
817,0.0017459855875289168,2.204244503739952
818,0.0002652958099822838,2.204244503739952
819,0.00020642275093706394,2.204244503739952
820,0.0010043592292509275,2.204244503739952
821,0.0003910431052443736,2.204244503739952
822,0.00047757484953262364,2.204244503739952
823,0.00022055270492204071,2.204244503739952
824,0.00070005593657426,2.204244503739952
825,0.00048822238899627986,2.204244503739952
826,0.0004933401812485894,2.204244503739952
827,0.00036662308460607193,2.204244503739952
828,0.00039155125569909565,2.204244503739952
829,0.00013003199993991713,2.204244503739952
830,0.0004026412298099002,2.204244503739952
831,0.0005643375876838077,2.204244503739952
832,0.0005863381737914468,2.204244503739952
833,0.0006347903298548933,2.204244503739952
834,0.0009653259219386001,2.204244503739952
835,0.0008525107001917609,2.204244503739952
836,0.0007339754237343255,2.204244503739952
837,0.0007725804836616659,2.204244503739952
838,6.319024915078306e-05,2.204244503739952
839,0.00015675844054602653,2.204244503739952
840,0.0004919311681276487,2.204244503739952
841,0.0010569704417087618,2.204244503739952
842,0.000949300766202865,2.204244503739952
843,0.00030572925757076314,2.204244503739952
844,0.0002622629942099348,2.204244503739952
845,0.0005714626579240633,2.204244503739952
846,9.408568340889769e-05,2.204244503739952
847,0.00019500275778832352,2.204244503739952
848,0.001477596173609542,2.204244503739952
849,0.00018883932355655926,2.204244503739952
850,0.0003712012623324074,2.204244503739952
851,5.733196400507702e-05,2.204244503739952
852,0.0008848120445882906,2.204244503739952
853,0.00019240173661465114,2.204244503739952
854,0.0007379146607205505,2.204244503739952
855,0.00013414985962603287,2.204244503739952
856,0.0007057691575038922,2.204244503739952
857,0.00017350084714526105,2.204244503739952
858,0.001750890304378995,2.204244503739952
859,0.00017121993975738363,2.204244503739952
860,5.467756315088089e-05,2.204244503739952
861,0.000375549341208675,2.204244503739952
862,0.001030092503573797,2.204244503739952
863,7.189653078006876e-05,2.204244503739952
864,0.0007674446694594504,2.204244503739952
865,0.0003078786209118095,2.204244503739952
866,0.00033500335291401827,2.204244503739952
867,0.00097132443513597,2.204244503739952
868,0.000749629891162131,2.204244503739952
869,0.00022103989286384606,2.204244503739952
870,0.0003728420254486389,2.204244503739952
871,1.9521263115295605e-05,2.204244503739952
872,0.0002638333141222499,2.204244503739952
873,6.560103463125697e-05,2.204244503739952
874,0.000256117884323423,2.204244503739952
875,0.002316612783404856,2.204244503739952
876,0.000639656147460938,2.204244503739952
877,5.463139632134e-05,2.204244503739952
878,0.00016975160307748326,2.204244503739952
879,0.00035284471547112814,2.204244503739952
880,0.0001808742306738824,2.204244503739952
881,0.0002768591752977148,2.204244503739952
882,0.0011756744738091035,2.204244503739952
883,0.0018119106666765576,2.204244503739952
884,0.002611488455627912,2.204244503739952
885,0.0008408910137853166,2.204244503739952
886,0.0002413945521001579,2.204244503739952
887,0.000228438985908121,2.204244503739952
888,0.0008595487527262058,2.204244503739952
889,0.0005521070844198982,2.204244503739952
890,0.000655326360942177,2.204244503739952
891,0.0019410510642051152,2.204244503739952
892,0.0004092390761442974,2.204244503739952
893,0.0019519797401065047,2.204244503739952
894,0.005888870093830074,2.204244503739952
895,0.003044017743393502,2.204244503739952
896,0.0016229563906609828,2.204244503739952
897,0.0014968478014208792,2.204244503739952
898,0.0010623302299436112,2.204244503739952
899,0.0026271447233794775,2.204244503739952
900,0.0009674672024861712,2.204244503739952
901,0.00191265993350259,2.204244503739952
902,0.00043365163330434626,2.204244503739952
903,0.0003517714895404137,2.204244503739952
904,0.0005535011680418371,2.204244503739952
905,0.0003923838533238259,2.204244503739952
906,0.0002405215068224918,2.204244503739952
907,0.0005267447413037788,2.204244503739952
908,0.0005461287405870344,2.204244503739952
909,0.00019295869111571258,2.204244503739952
910,0.0008135085891933507,2.204244503739952
911,0.00036817714697988797,2.204244503739952
912,0.0015373338893776762,2.204244503739952
913,0.0006347446767632792,2.204244503739952
914,0.001160582796082932,2.204244503739952
915,0.0005299933118082812,2.204244503739952
916,0.0004607602100479009,2.204244503739952
917,0.051905675940286514,2.204244503739952
918,0.000355787266347104,2.204244503739952
919,0.0003984379016595358,2.204244503739952
920,0.005723865589097144,2.204244503739952
921,0.0005876628553279393,2.204244503739952
922,0.001996398819603233,2.204244503739952
923,0.0005067713331235416,2.204244503739952
924,0.0006462631837306998,2.204244503739952
925,0.017825437850354852,2.204244503739952
926,0.0001380821103205019,2.204244503739952
927,0.00046988072978938137,2.204244503739952
928,0.00045589103282734787,2.204244503739952
929,0.0006113609030404604,2.204244503739952
930,9.792516424133156e-05,2.204244503739952
931,0.0008777547246931874,2.204244503739952
932,0.0006583326953575491,2.204244503739952
933,0.0005132281861310133,2.204244503739952
934,0.0006460198303583388,2.204244503739952
935,0.0013672447383950572,2.204244503739952
936,0.0020588870116455657,2.204244503739952
937,0.0008898856739242031,2.204244503739952
938,0.0003472319424922616,2.204244503739952
939,0.0005907884757461575,2.204244503739952
940,0.00030534077605322697,2.204244503739952
941,0.0004377836472856157,2.204244503739952
942,0.00020425996531389437,2.204244503739952
943,0.00028954267345,2.204244503739952
944,0.0007454693285939824,2.204244503739952
945,0.00017151014899586162,2.204244503739952
946,0.0013940572879862154,2.204244503739952
947,0.0006358087842601992,2.204244503739952
948,0.0010727132473785739,2.204244503739952
949,0.0007675962339138481,2.204244503739952
950,0.00011578684560280119,2.204244503739952
951,0.00010907804306613394,2.204244503739952
952,0.0009815157071207832,2.204244503739952
953,0.0034198309117048136,2.204244503739952
954,0.007231681967372912,2.204244503739952
955,0.0007135713612104229,2.204244503739952
956,0.0004799090770418852,2.204244503739952
957,0.09102964818424078,2.204244503739952
958,0.0021358617619980885,2.204244503739952
959,0.0004964268517552948,2.204244503739952
960,0.0015409998798778008,2.204244503739952
961,0.0034079573594547634,2.204244503739952
962,0.003932590316703722,2.204244503739952
963,0.00016990126560763183,2.204244503739952
964,0.0016621977527282537,2.204244503739952
965,0.00042597573046185364,2.204244503739952
966,0.016704103613152152,2.204244503739952
967,0.0005301865645160671,2.204244503739952
968,0.0005290412065241494,2.204244503739952
969,0.00014437491882708328,2.204244503739952
970,0.003298492877820388,2.204244503739952
971,2.851920815487839e-05,2.204244503739952
972,0.0034885103151219453,2.204244503739952
973,0.002166698287726651,2.204244503739952
974,0.0003060565712681986,2.204244503739952
975,0.001583004236757656,2.204244503739952
976,0.0011943026907575629,2.204244503739952
977,0.0001684915275789607,2.204244503739952
978,0.016502793508312588,2.204244503739952
979,0.001298346646251942,2.204244503739952
980,0.0009917785509907806,2.204244503739952
981,0.001392832946908633,2.204244503739952
982,0.003105840016292309,2.204244503739952
983,0.0004276769446446108,2.204244503739952
984,0.0006994655744854967,2.204244503739952
985,0.001244102052096403,2.204244503739952
986,0.0004407728224916184,2.204244503739952
987,0.0010769912740874828,2.204244503739952
988,0.0008207142130669599,2.204244503739952
989,0.002325518936724546,2.204244503739952
990,0.0002841521955889073,2.204244503739952
991,0.0009139555392520675,2.204244503739952
992,4.787171305482126e-05,2.204244503739952
993,0.00038853849418270356,2.204244503739952
994,0.00015953967840762648,2.204244503739952
995,0.00026532544170246384,2.204244503739952
996,0.00357408005085643,2.204244503739952
997,0.00015896818527387025,2.204244503739952
998,0.0006010617577765657,2.204244503739952
999,0.0004914078646970075,2.204244503739952
1000,0.00040000264551541065,2.204244503739952
1001,0.0009598146927129027,2.204244503739952
1002,0.050115521930569326,2.204244503739952
1003,0.0010697191174105173,2.204244503739952
1004,0.0007031024727825698,2.204244503739952
1005,0.000618491813136195,2.204244503739952
1006,0.01032639627759003,2.204244503739952
1007,0.0009603586191274303,2.204244503739952
1008,0.0006365061646653774,2.204244503739952
1009,0.0002031663625702052,2.204244503739952
1010,0.00019504628093664796,2.204244503739952
1011,0.00024036216444779353,2.204244503739952
1012,0.0006744952945432263,2.204244503739952
1013,0.014162265806517894,2.204244503739952
1014,0.0019029187015012518,2.204244503739952
1015,0.0018233952810847674,2.204244503739952
1016,0.0008163210063599201,2.204244503739952
1017,0.0007908783212048747,2.204244503739952
1018,0.00011746727428774075,2.204244503739952
1019,3.014101557197809e-05,2.204244503739952
1020,0.0006431470825274711,2.204244503739952
1021,0.013632767332178223,2.204244503739952
1022,0.0003040032131789754,2.204244503739952
1023,0.0018797117478081852,2.204244503739952
1024,0.0009477464104113912,2.204244503739952
1025,0.0010025310604082757,2.204244503739952
1026,0.003566790828708525,2.204244503739952
1027,0.0006406416883026297,2.204244503739952
1028,0.0005409537562676249,2.204244503739952
1029,0.00036549298784628023,2.204244503739952
1030,0.002232774018479204,2.204244503739952
1031,0.0014258603225240976,2.204244503739952
1032,0.0004036267481733378,2.204244503739952
1033,0.0037790185475147387,2.204244503739952
1034,0.0018322384730366003,2.204244503739952
1035,0.0010654563224338643,2.204244503739952
1036,0.0014304844774825029,2.204244503739952
1037,0.0015740854267137787,2.204244503739952
1038,0.0001863990211209882,2.204244503739952
1039,0.0015641157684558773,2.204244503739952
1040,3.4020731950577835e-05,2.204244503739952
1041,0.0003158203687085681,2.204244503739952
1042,0.0005779727738141247,2.204244503739952
1043,0.00021685198236809133,2.204244503739952
1044,4.454265579672796e-05,2.204244503739952
1045,0.00013838090930654972,2.204244503739952
1046,0.00038418044217011034,2.204244503739952
1047,0.0003529111073102094,2.204244503739952
1048,0.0001882092404878081,2.204244503739952
1049,0.0004043421047717422,2.204244503739952
1050,0.00022616267920461602,2.204244503739952
1051,5.759841854859709e-05,2.204244503739952
1052,0.0001231196175314392,2.204244503739952
1053,0.00043858901061074056,2.204244503739952
1054,0.0003212404731759227,2.204244503739952
1055,0.0031207061309081394,2.204244503739952
1056,0.0004063645974617516,2.204244503739952
1057,0.011237254152673421,2.204244503739952
1058,0.0010491898953982216,2.204244503739952
1059,0.005000090247353586,2.204244503739952
1060,0.00027998536933691225,2.204244503739952
1061,0.0026576603652423104,2.204244503739952
1062,0.00047524012342703854,2.204244503739952
1063,0.0002782882668996795,2.204244503739952
1064,0.0007729649352015299,2.204244503739952
1065,0.005246056750454762,2.204244503739952
1066,0.00040673804276235477,2.204244503739952
1067,0.00047618073567352523,2.204244503739952
1068,0.0014066027617833624,2.204244503739952
1069,0.0003134034932638038,2.204244503739952
1070,0.0009737633798349518,2.204244503739952
1071,0.0007944667056011583,2.204244503739952
1072,8.460649867540746e-05,2.204244503739952
1073,0.0008010753387608212,2.204244503739952
1074,0.000510717413212532,2.204244503739952
1075,0.0002791251436155128,2.204244503739952
1076,0.0012483036590450018,2.204244503739952
1077,0.00024143649253737784,2.204244503739952
1078,3.8995781976747015e-05,2.204244503739952
1079,0.00010491050214598534,2.204244503739952
1080,0.00057829617148845,2.204244503739952
1081,0.0006619913193648367,2.204244503739952
1082,0.0009490350159580199,2.204244503739952
1083,0.00037726475331905984,2.204244503739952
1084,0.0005464202508433303,2.204244503739952
1085,0.0015266731180254161,2.204244503739952
1086,0.0002269283678009418,2.204244503739952
1087,0.0003606717583683533,2.204244503739952
1088,0.00015730026651685476,2.204244503739952
1089,0.0003888949952249484,2.204244503739952
1090,0.000159584896160373,2.204244503739952
1091,0.0003793790973670157,2.204244503739952
1092,0.00010034564247739883,2.204244503739952
1093,0.0001877556446222048,2.204244503739952
1094,0.0010910347804777049,2.204244503739952
1095,0.0009679471903751207,2.204244503739952
1096,8.31133191685438e-05,2.204244503739952
1097,0.0006234297856265326,2.204244503739952
1098,0.000185964097484973,2.204244503739952
1099,0.00017325145343929257,2.204244503739952
1100,0.00031095182637154624,2.204244503739952
1101,0.00035350413359992787,2.204244503739952
1102,0.001824204420298746,2.204244503739952
1103,0.0003263208171948202,2.204244503739952
1104,0.0006134441087446604,2.204244503739952
1105,0.00019296198815700358,2.204244503739952
1106,0.0008327614469529548,2.204244503739952
1107,0.002362220121125949,2.204244503739952
1108,0.0013167075191235851,2.204244503739952
1109,0.000556773350739027,2.204244503739952
1110,0.0009303096589092914,2.204244503739952
1111,0.00013789720155627216,2.204244503739952
1112,0.0019934273187929242,2.204244503739952
1113,0.0004404030109621139,2.204244503739952
1114,0.00018145179880570174,2.204244503739952
1115,0.0011814947049697576,2.204244503739952
1116,0.0004395981039122442,2.204244503739952
1117,0.000271572355857647,2.204244503739952
1118,0.000898130984508159,2.204244503739952
1119,0.0014113979079570114,2.204244503739952
1120,0.0005968291668290191,2.204244503739952
1121,0.0006950188905171717,2.204244503739952
1122,0.0011169630909007734,2.204244503739952
1123,0.0020298784152031507,2.204244503739952
1124,0.0012053044870891632,2.204244503739952
1125,0.00046233423681989964,2.204244503739952
1126,0.00106091896570533,2.204244503739952
1127,0.00031351280404882535,2.204244503739952
1128,0.0004392889448992495,2.204244503739952
1129,0.00018618154621484484,2.204244503739952
1130,0.0036866732322640323,2.204244503739952
1131,0.00020845563594502285,2.204244503739952
1132,0.00010017642399544367,2.204244503739952
1133,5.17995684489504e-05,2.204244503739952
1134,0.001564892441311426,2.204244503739952
1135,0.000990748003912935,2.204244503739952
1136,0.0014195960948777304,2.204244503739952
1137,0.003146955145469118,2.204244503739952
1138,0.0007634108583062344,2.204244503739952
1139,0.0022442320242938188,2.204244503739952
1140,0.0007329329400519932,2.204244503739952
1141,6.27263127252943e-05,2.204244503739952
1142,0.0009585177009910047,2.204244503739952
1143,0.000957409097047653,2.204244503739952
1144,0.0002793399836166588,2.204244503739952
1145,0.0009907851271128705,2.204244503739952
1146,0.0013080641015690737,2.204244503739952
1147,0.0006939008980008228,2.204244503739952
1148,0.0014889146708127693,2.204244503739952
1149,0.00010055682778679231,2.204244503739952
1150,0.0004016820318586445,2.204244503739952
1151,0.0004951143029173211,2.204244503739952
1152,0.00252640528651722,2.204244503739952
1153,8.988879085985878e-05,2.204244503739952
1154,0.0005876242056096285,2.204244503739952
1155,0.00022099980375498636,2.204244503739952
1156,0.00013024629961537964,2.204244503739952
1157,0.0009877896492102118,2.204244503739952
1158,0.0005480124305759477,2.204244503739952
1159,0.007074254328315663,2.204244503739952
1160,0.00032443495384753873,2.204244503739952
1161,0.0001555216188084816,2.204244503739952
1162,0.00043065281861116546,2.204244503739952
1163,0.0006793396891700168,2.204244503739952
1164,0.0014127120290333074,2.204244503739952
1165,0.00018029140320598237,2.204244503739952
1166,0.0007180257915085324,2.204244503739952
1167,0.001105083474554849,2.204244503739952
1168,0.00043484901975455553,2.204244503739952
1169,0.0003391997889190274,2.204244503739952
1170,0.0001145634039617012,2.204244503739952
1171,0.00011836699748569066,2.204244503739952
1172,0.0004317337807773915,2.204244503739952
1173,0.00020140701757720647,2.204244503739952
1174,0.00034134214548374117,2.204244503739952
1175,0.0004508261772340403,2.204244503739952
1176,0.0016092754069155142,2.204244503739952
1177,0.0007252350613930205,2.204244503739952
1178,0.00036868418487873757,2.204244503739952
1179,0.0008181112026487182,2.204244503739952
1180,0.0005178814506894597,2.204244503739952
1181,0.0004391476579996503,2.204244503739952
1182,0.00019197952773049106,2.204244503739952
1183,0.0003266767628947289,2.204244503739952
1184,0.00016550481727103125,2.204244503739952
1185,0.00023324037174651742,2.204244503739952
1186,0.0016503630226269855,2.204244503739952
1187,0.0010380025139402039,2.204244503739952
1188,0.0005719717871464885,2.204244503739952
1189,0.00010620987890273987,2.204244503739952
1190,0.00032183156576584624,2.204244503739952
1191,0.00023636395676899082,2.204244503739952
1192,0.00029631101909688163,2.204244503739952
1193,0.0008891093709438208,2.204244503739952
1194,0.0002949761072838358,2.204244503739952
1195,0.001487950683570813,2.204244503739952
1196,0.00016063211504471544,2.204244503739952
1197,0.0003553218789121182,2.204244503739952
1198,0.0011326310277940145,2.204244503739952
1199,0.00031018974066487567,2.204244503739952
1200,0.00279384300449343,2.204244503739952
1201,0.004428548132000354,2.204244503739952
1202,0.0017516702066955464,2.204244503739952
1203,0.0011102688898721768,2.204244503739952
1204,0.0006314829679813164,2.204244503739952
1205,0.0007255877370608173,2.204244503739952
1206,7.657888599148353e-05,2.204244503739952
1207,0.0003766163524757078,2.204244503739952
1208,0.0003400510673437732,2.204244503739952
1209,0.00032081840720513496,2.204244503739952
1210,0.0010919291927696528,2.204244503739952
1211,0.000464256739525047,2.204244503739952
1212,0.0003559743205463755,2.204244503739952
1213,0.00011669862287051148,2.204244503739952
1214,0.002817521864734537,2.204244503739952
1215,0.0005635200133986504,2.204244503739952
1216,0.0035038351413263116,2.204244503739952
1217,0.0010844150666904577,2.204244503739952
1218,0.0009533569429430986,2.204244503739952
1219,0.0009842991677191792,2.204244503739952
1220,0.00018105615034367116,2.204244503739952
1221,1.085375434916536e-05,2.204244503739952
1222,0.0004083917554673316,2.204244503739952
1223,7.905227544440145e-05,2.204244503739952
1224,0.0028154145103527835,2.204244503739952
1225,7.070784076466907e-05,2.204244503739952
1226,0.0005138724247503821,2.204244503739952
1227,0.0008067831396154918,2.204244503739952
1228,6.631208116007355e-05,2.204244503739952
1229,0.0008990612394852875,2.204244503739952
1230,0.0013947504858702637,2.204244503739952
1231,0.001360609219545821,2.204244503739952
1232,0.0032719380437833566,2.204244503739952
1233,0.0016646979031332866,2.204244503739952
1234,0.0007714104951347747,2.204244503739952
1235,0.004734609889540339,2.204244503739952
1236,0.01074992991518173,2.204244503739952
1237,0.0012769610720746395,2.204244503739952
1238,0.0019140271037454697,2.204244503739952
1239,0.002183283314612007,2.204244503739952
1240,0.0006940991211250151,2.204244503739952
1241,0.0002901948092001236,2.204244503739952
1242,0.0005904554971863724,2.204244503739952
1243,0.0008579281285279357,2.204244503739952
1244,0.0020576069440065726,2.204244503739952
1245,0.0004525097576189331,2.204244503739952
1246,0.00022881375381668783,2.204244503739952
1247,0.008474630531466036,2.204244503739952
1248,0.0030326849258310454,2.204244503739952
1249,0.008517322428510334,2.204244503739952
1250,0.0026969520244501544,2.204244503739952
1251,0.0011225484777546333,2.204244503739952
1252,0.0022848751359168256,2.204244503739952
1253,0.0037943601428182755,2.204244503739952
1254,0.001747092797301192,2.204244503739952
1255,0.0066561159571254585,2.204244503739952
1256,0.0018995751290883322,2.204244503739952
1257,0.0033798716892962004,2.204244503739952
1258,0.004184406772601805,2.204244503739952
1259,0.0008136270432725196,2.204244503739952
1260,0.0008437072428697037,2.204244503739952
1261,0.002906123852709435,2.204244503739952
1262,0.0007546987561202153,2.204244503739952
1263,0.0012721190179071494,2.204244503739952
1264,7.564737570801841e-05,2.204244503739952
1265,0.0005301982636189456,2.204244503739952
1266,0.0001381116608834796,2.204244503739952
1267,0.0009618248065186518,2.204244503739952
1268,0.0001663851129804363,2.204244503739952
1269,0.0008324576388954095,2.204244503739952
1270,0.011622306025105405,2.204244503739952
1271,0.004038298702828379,2.204244503739952
1272,0.0011389988452491966,2.204244503739952
1273,0.0028020861595832868,2.204244503739952
1274,0.0009195182668948277,2.204244503739952
1275,0.0018855675455335171,2.204244503739952
1276,0.0017790694293936074,2.204244503739952
1277,0.0025512670158305607,2.204244503739952
1278,0.0025132856371395417,2.204244503739952
1279,0.003947654481275173,2.204244503739952
1280,0.0009656037252895144,2.204244503739952
1281,0.00018272692035609486,2.204244503739952
1282,0.0003940908489873851,2.204244503739952
1283,0.0025047070109233604,2.204244503739952
1284,0.0008991426414090918,2.204244503739952
1285,0.003245819684928465,2.204244503739952
1286,0.0010389124704500185,2.204244503739952
1287,0.001367578416345082,2.204244503739952
1288,0.0010777834988941408,2.204244503739952
1289,0.0013131775820022407,2.204244503739952
1290,0.002201669304048804,2.204244503739952
1291,0.0012963032404034848,2.204244503739952
1292,0.003526679546453238,2.204244503739952
1293,0.006684069387046486,2.204244503739952
1294,0.0022059107331922592,2.204244503739952
1295,0.0011300734024587945,2.204244503739952
1296,0.0027962355826215853,2.204244503739952
1297,0.0006068045672816678,2.204244503739952
1298,0.0019476668911873607,2.204244503739952
1299,0.00285013379449781,2.204244503739952
1300,0.0004985754551883478,2.204244503739952
1301,0.0007470885752613968,2.204244503739952
1302,0.005421304270214695,2.204244503739952
1303,0.0031419480839542,2.204244503739952
1304,0.00351443015440012,2.204244503739952
1305,0.0038387052447342606,2.204244503739952
1306,0.0012521970373717793,2.204244503739952
1307,0.0013279030044736537,2.204244503739952
1308,0.0010693707906098131,2.204244503739952
1309,0.00015619132752601181,2.204244503739952
1310,0.00028420418632158,2.204244503739952
1311,0.0013166513131994888,2.204244503739952
1312,0.0009475775544328742,2.204244503739952
1313,0.0025062630510988048,2.204244503739952
1314,0.0007923089530102855,2.204244503739952
1315,0.0024798770717965003,2.204244503739952
1316,0.00233979737176962,2.204244503739952
1317,0.00043252724015340946,2.204244503739952
1318,0.001471879613847002,2.204244503739952
1319,0.004412771186783268,2.204244503739952
1320,0.0008052778939765205,2.204244503739952
1321,0.0010442283888919834,2.204244503739952
1322,0.0002767454387921359,2.204244503739952
1323,0.00157800895629888,2.204244503739952
1324,0.003002605795352632,2.204244503739952
1325,0.04393945475793747,2.204244503739952
1326,0.004198665964204223,2.204244503739952
1327,0.002248653282235629,2.204244503739952
1328,0.0015339298739822952,2.204244503739952
1329,0.0023821774644338994,2.204244503739952
1330,0.0035490361054163998,2.204244503739952
1331,0.0010192206973430637,2.204244503739952
1332,0.0034418459014798914,2.204244503739952
1333,0.00178017809461142,2.204244503739952
1334,0.001696039337143936,2.204244503739952
1335,0.0019237957573631772,2.204244503739952
1336,0.0008592617738767917,2.204244503739952
1337,0.003522420080716424,2.204244503739952
1338,0.007829263624147318,2.204244503739952
1339,0.0004844580468455964,2.204244503739952
1340,0.00036322812178781133,2.204244503739952
1341,0.0023604066926019344,2.204244503739952
1342,0.00493378055157328,2.204244503739952
1343,0.0010730309281676389,2.204244503739952
1344,0.0031510539182178434,2.204244503739952
1345,0.002169246152235671,2.204244503739952
1346,0.0009403764720654832,2.204244503739952
1347,0.0043655736862377075,2.204244503739952
1348,0.00020714359176563884,2.204244503739952
1349,0.0007921241134570549,2.204244503739952
1350,0.004408287212832381,2.204244503739952
1351,0.0012670138945817542,2.204244503739952
1352,0.0009188104134240621,2.204244503739952
1353,0.012902142524565615,2.204244503739952
1354,6.795320117425265e-05,2.204244503739952
1355,0.0014366601270885894,2.204244503739952
1356,0.0003910353778399137,2.204244503739952
1357,0.0019398951706405283,2.204244503739952
1358,0.0014135210171798084,2.204244503739952
1359,0.0009919657794250263,2.204244503739952
1360,0.0018784598622095022,2.204244503739952
1361,0.0006478117757508926,2.204244503739952
1362,0.00030769775581512024,2.204244503739952
1363,0.0036636438673340226,2.204244503739952
1364,0.0018080284779551003,2.204244503739952
1365,0.00031910783103108103,2.204244503739952
1366,0.00032383541304590566,2.204244503739952
1367,0.003999097296269098,2.204244503739952
1368,0.000295727849890235,2.204244503739952
1369,0.0022513866053270435,2.204244503739952
1370,0.001110716033088561,2.204244503739952
1371,0.023088240967658213,2.204244503739952
1372,0.00044746164494606126,2.204244503739952
1373,0.001526208406141237,2.204244503739952
1374,0.003152446292465704,2.204244503739952
1375,0.0003130211270449104,2.204244503739952
1376,0.0022614677216388013,2.204244503739952
1377,0.0004245371227227915,2.204244503739952
1378,0.0013841584496100154,2.204244503739952
1379,0.0045339654001382785,2.204244503739952
1380,0.0018173009547213436,2.204244503739952
1381,0.002369648606064803,2.204244503739952
1382,0.00015205485997405653,2.204244503739952
1383,0.0017139761804037283,2.204244503739952
1384,0.0024091016855804486,2.204244503739952
1385,0.001748645727179642,2.204244503739952
1386,0.004733257491018474,2.204244503739952
1387,0.0009075325520385535,2.204244503739952
1388,0.0009978920107553628,2.204244503739952
1389,0.0009936969649871304,2.204244503739952
1390,0.0008438062735428975,2.204244503739952
1391,0.0016037628093393931,2.204244503739952
1392,0.0003488202903082469,2.204244503739952
1393,0.0029353016576135257,2.204244503739952
1394,0.0003754065877285335,2.204244503739952
1395,0.0031745046351424034,2.204244503739952
1396,0.002504920196760747,2.204244503739952
1397,0.0004118834730988645,2.204244503739952
1398,0.00025573282804322134,2.204244503739952
1399,0.002749847564316518,2.204244503739952
1400,8.470884877567454e-05,2.204244503739952
1401,0.000693249208717377,2.204244503739952
1402,0.0016061919439062174,2.204244503739952
1403,0.001614682341733802,2.204244503739952
1404,0.001598920687281598,2.204244503739952
1405,0.0017845283221326468,2.204244503739952
1406,0.04885644534628086,2.204244503739952
1407,0.004240393422878519,2.204244503739952
1408,0.002978140690792803,2.204244503739952
1409,0.002177158781000168,2.204244503739952
1410,0.001677510213532502,2.204244503739952
1411,0.0003753017864887749,2.204244503739952
1412,0.0022730537716862407,2.204244503739952
1413,0.002003032643828282,2.204244503739952
1414,0.0016604773412503653,2.204244503739952
1415,0.0008024529921699602,2.204244503739952
1416,0.0012976837057093538,2.204244503739952
1417,0.0007984162666374217,2.204244503739952
1418,0.005030787134142953,2.204244503739952
1419,0.0016106962475376557,2.204244503739952
1420,0.0005966261943711073,2.204244503739952
1421,0.0020687410473989617,2.204244503739952
1422,0.0004247433701437687,2.204244503739952
1423,0.0007211421518228151,2.204244503739952
1424,3.04628740228374e-05,2.204244503739952
1425,0.0021261284787942696,2.204244503739952
1426,0.0003974216630993052,2.204244503739952
1427,0.001227147558582303,2.204244503739952
1428,0.0009251480795013988,2.204244503739952
1429,0.0006106145731588578,2.204244503739952
1430,0.005334387349170282,2.204244503739952
1431,0.0015263482186697419,2.204244503739952
1432,0.00103054350757468,2.204244503739952
1433,0.0017118865561537486,2.204244503739952
1434,0.0011629465742036941,2.204244503739952
1435,0.011273697651142068,2.204244503739952
1436,0.010861674165344531,2.204244503739952
1437,0.004816645101829414,2.204244503739952
1438,0.010984476230289,2.204244503739952
1439,0.003271019467198866,2.204244503739952
1440,0.007974015977526245,2.204244503739952
1441,0.004077297479994494,2.204244503739952
1442,0.009710433428355019,2.204244503739952
1443,0.0065748421734700396,2.204244503739952
1444,0.0063353331847323035,2.204244503739952
1445,0.007641820854560215,2.204244503739952
1446,0.006907661776937239,2.204244503739952
1447,0.008458437759348077,2.204244503739952
1448,0.001233567888146585,2.204244503739952
1449,0.0029015083230126623,2.204244503739952
1450,0.0066450394918099315,2.204244503739952
1451,0.0030517577521172253,2.204244503739952
1452,0.005565747787133784,2.204244503739952
1453,0.008519341184206426,2.204244503739952
1454,0.00910192096475927,2.204244503739952
1455,0.003073885598340573,2.204244503739952
1456,0.003121454907913758,2.204244503739952
1457,0.005118097333002192,2.204244503739952
1458,0.003629164805443971,2.204244503739952
1459,0.001624531226961498,2.204244503739952
1460,0.009682755466535438,2.204244503739952
1461,0.02399520321211686,2.204244503739952
1462,0.008704052607864962,2.204244503739952
1463,0.0022020871667539237,2.204244503739952
1464,0.006940637562249766,2.204244503739952
1465,0.009483180765085865,2.204244503739952
1466,0.006429805196843353,2.204244503739952
1467,2.2938993877289837,2.204244503739952
1468,0.013360827061825552,2.204244503739952
1469,0.011767137573816068,2.204244503739952
1470,0.0030614354257952918,2.204244503739952
1471,0.001976382032371752,2.204244503739952
1472,0.0019856498192291,2.204244503739952
1473,0.003625635959317365,2.204244503739952
1474,0.01117224320746181,2.204244503739952
1475,0.002981393476247574,2.204244503739952
1476,0.009785820420919637,2.204244503739952
1477,0.011143055900313031,2.204244503739952
1478,0.0024647028977735396,2.204244503739952
1479,0.01458412926089505,2.204244503739952
1480,0.007714211577811079,2.204244503739952
1481,0.005780190139104923,2.204244503739952
1482,0.005321048123315797,2.204244503739952
1483,0.00609645863780847,2.204244503739952
1484,0.003932133480784329,2.204244503739952
1485,0.01837160323132477,2.204244503739952
1486,0.007229770884913489,2.204244503739952
1487,0.010853434007518398,2.204244503739952
1488,0.010693340821549928,2.204244503739952
1489,0.014380531054241379,2.204244503739952
1490,0.007028042427733134,2.204244503739952
1491,0.017676272714113785,2.204244503739952
1492,0.022460337358253053,2.204244503739952
1493,0.008072358097295479,2.204244503739952
1494,0.00708352891001778,2.204244503739952
1495,0.012476873313684836,2.204244503739952
1496,0.004121706001467798,2.204244503739952
1497,0.002743840942018597,2.204244503739952
1498,0.007355234532337303,2.204244503739952
1499,0.005024126175484734,2.204244503739952
1500,0.002267580681880442,2.204244503739952
1501,0.0072890814755832605,2.204244503739952
1502,0.007106078180253687,2.204244503739952
1503,0.004083211173403638,2.204244503739952
1504,0.0034777767422445103,2.204244503739952
1505,0.007773566858977409,2.204244503739952
1506,0.004183695618546108,2.204244503739952
1507,0.019576143614777036,2.204244503739952
1508,0.0066411012554041015,2.204244503739952
1509,0.007950033326205695,2.204244503739952
1510,0.013640787207551608,2.204244503739952
1511,0.0175449118236847,2.204244503739952
1512,0.035851849894150765,2.204244503739952
1513,0.020303214445717345,2.204244503739952
1514,0.017873661051721713,2.204244503739952
1515,0.02081622139845811,2.204244503739952
1516,0.010736027799247306,2.204244503739952
1517,0.008412299258743896,2.204244503739952
1518,0.012304713026330499,2.204244503739952
1519,0.012461402937982176,2.204244503739952
1520,0.014765475399479002,2.204244503739952
1521,0.015797893121357282,2.204244503739952
1522,0.018836206020662816,2.204244503739952
1523,0.013522956621668792,2.204244503739952
1524,0.02867150756513635,2.204244503739952
1525,0.021501784685468834,2.204244503739952
1526,0.025367072078691745,2.204244503739952
1527,0.025488393444914326,2.204244503739952
1528,0.01649650921356575,2.204244503739952
1529,0.011944320325032141,2.204244503739952
1530,0.023399445157419787,2.204244503739952
1531,0.0414322069212177,2.204244503739952
1532,0.01748446918008629,2.204244503739952
1533,0.011327350311072865,2.204244503739952
1534,0.020645529012331253,2.204244503739952
1535,0.017819315582518157,2.204244503739952
1536,0.017722363465821383,2.204244503739952
1537,0.013091406422124963,2.204244503739952
1538,0.01825423278234719,2.204244503739952
1539,0.011005292297925795,2.204244503739952
1540,0.019025269518410628,2.204244503739952
1541,0.012077737296675306,2.204244503739952
1542,0.022263820337620976,2.204244503739952
1543,0.023288040414982624,2.204244503739952
1544,0.021714218653562302,2.204244503739952
1545,0.017422054681676652,2.204244503739952
1546,0.023316092314659004,2.204244503739952
1547,0.01576088857656248,2.204244503739952
1548,0.011669490549280749,2.204244503739952
1549,0.008502943348051075,2.204244503739952
1550,0.01443839972629083,2.204244503739952
1551,0.012197417016869272,2.204244503739952
1552,0.013345710429193707,2.204244503739952
1553,0.03080537535791569,2.204244503739952
1554,0.016534738919224284,2.204244503739952
1555,0.032981864001117175,2.204244503739952
1556,0.01217855957469621,2.204244503739952
1557,0.025611290844064532,2.204244503739952
1558,0.02184954953227179,2.204244503739952
1559,0.030696292493509275,2.204244503739952
1560,0.02306651682012622,2.204244503739952
1561,0.017874334020802258,2.204244503739952
1562,0.02589791933354144,2.204244503739952
1563,0.022846961627255198,2.204244503739952
1564,0.012019664892708795,2.204244503739952
1565,0.09190886939470158,2.204244503739952
1566,0.01568301956361064,2.204244503739952
1567,0.02956076406524636,2.204244503739952
1568,0.030798137824995513,2.204244503739952
1569,0.01779576510058252,2.204244503739952
1570,0.014485574003198994,2.204244503739952
1571,0.021280807874062176,2.204244503739952
1572,0.030525577664594798,2.204244503739952
1573,0.021232494890576915,2.204244503739952
1574,0.0419218697940226,2.204244503739952
1575,0.021147211682197336,2.204244503739952
1576,0.01739420122315112,2.204244503739952
1577,0.023179111738369923,2.204244503739952
1578,0.028992730639817676,2.204244503739952
1579,0.021937574517104916,2.204244503739952
1580,0.02441529090687389,2.204244503739952
1581,0.043847815687197325,2.204244503739952
1582,0.04599272241437111,2.204244503739952
1583,0.02105643817977663,2.204244503739952
1584,0.030880970427728832,2.204244503739952
1585,0.025275186822247084,2.204244503739952
1586,0.03979076378233495,2.204244503739952
1587,0.03596507124037772,2.204244503739952
1588,0.026749415488480796,2.204244503739952
1589,0.024965757641672158,2.204244503739952
1590,0.02707575875090715,2.204244503739952
1591,0.027946014615467724,2.204244503739952
1592,0.02530873468462162,2.204244503739952
1593,0.023173049231053233,2.204244503739952
1594,0.03552861601244393,2.204244503739952
1595,0.035156668232677546,2.204244503739952
1596,0.028827011267259162,2.204244503739952
1597,0.05076016298346885,2.204244503739952
1598,0.02559672684803712,2.204244503739952
1599,0.032867347979953464,2.204244503739952
1600,0.02828940172763872,2.204244503739952
1601,0.03890893865416059,2.204244503739952
1602,0.07106305617055868,2.204244503739952
1603,0.04129360610563988,2.204244503739952
1604,0.029206945823450705,2.204244503739952
1605,0.0444936064739613,2.204244503739952
1606,0.032838888304673984,2.204244503739952
1607,0.04180899703780748,2.204244503739952
1608,0.05222581960227255,2.204244503739952
1609,0.05761549711083323,2.204244503739952
1610,0.09600415414887509,2.204244503739952
1611,0.04029963709022555,2.204244503739952
1612,0.05786829338621375,2.204244503739952
1613,0.07589442679982676,2.204244503739952
1614,0.06947000385961062,2.204244503739952
1615,0.20953286649463437,2.204244503739952
1616,0.1830567766262452,2.204244503739952
1617,0.06795197069428129,2.204244503739952
1618,0.06083015964679403,2.204244503739952
1619,0.4009824953709588,2.204244503739952
1620,0.20003791946610255,2.204244503739952
1621,0.1595335886824027,2.204244503739952
1622,0.9680860976595664,2.204244503739952
1623,0.05621186573907816,2.204244503739952
1624,0.16234386431162495,2.204244503739952
1625,0.35476288669066613,2.204244503739952
1626,0.22579686994435533,2.204244503739952
1627,0.6632076044729489,2.204244503739952
1628,0.17113747567077814,2.204244503739952
1629,0.057679937484480144,2.204244503739952
1630,0.21012816495947645,2.204244503739952
1631,0.6136967240924671,2.204244503739952
1632,0.2466523134533884,2.204244503739952
1633,0.3258005804744225,2.204244503739952
1634,0.11769240501988057,2.204244503739952
1635,0.24753837854652985,2.204244503739952
1636,0.2017553886474989,2.204244503739952
1637,0.17421447696340903,2.204244503739952
1638,0.18108296235066446,2.204244503739952
1639,0.13490393681565593,2.204244503739952
1640,0.5719110156099398,2.204244503739952
1641,0.552002946861234,2.204244503739952
1642,0.3394843015761419,2.204244503739952
1643,0.1598177086944442,2.204244503739952
1644,0.18323012906832553,2.204244503739952
1645,0.2433991141641183,2.204244503739952
1646,0.220559800152032,2.204244503739952
1647,0.28867572754662296,2.204244503739952
1648,0.24521256908257727,2.204244503739952
1649,0.17792675400838845,2.204244503739952
1650,0.46809171817249506,2.204244503739952
1651,0.25535893700880735,2.204244503739952
1652,0.2942039841342882,2.204244503739952
1653,0.26818811031841217,2.204244503739952
1654,0.20263201571253023,2.204244503739952
1655,0.2208110356076834,2.204244503739952
1656,0.4706045415803999,2.204244503739952
1657,0.24224625793895882,2.204244503739952
1658,0.47486000750597734,2.204244503739952
1659,0.36693218142171813,2.204244503739952
1660,0.3673694307477826,2.204244503739952
1661,0.6729266422302354,2.204244503739952
1662,0.3467748659723542,2.204244503739952
1663,0.285808692595645,2.204244503739952
1664,0.2965906196426259,2.204244503739952
1665,0.1359865785702372,2.204244503739952
1666,0.45423132416140855,2.204244503739952
1667,1.408237558587751,2.204244503739952
1668,0.5854142012429384,2.204244503739952
1669,0.4275203642201547,2.204244503739952
1670,0.7716341616098443,2.204244503739952
1671,0.3070656745908088,2.204244503739952
1672,0.7777190232895099,2.204244503739952
1673,0.7011199657725562,2.204244503739952
1674,1.924185966486343,2.204244503739952
1675,0.270117630791345,2.204244503739952
1676,0.6756572229249606,2.204244503739952
1677,1.2508717231777151,2.204244503739952
1678,0.9306648759992626,2.204244503739952
1679,0.42980074831873394,2.204244503739952
1680,0.3856893939363987,2.204244503739952
1681,1.9765828755915642,2.204244503739952
1682,0.911828639934934,2.204244503739952
1683,1.0970386660411577,2.204244503739952
1684,1.2224253760621568,2.204244503739952
1685,0.3189743583555479,2.204244503739952
1686,0.7171262235250677,2.204244503739952
1687,0.39594954447785324,2.204244503739952
1688,0.47323066664024643,2.204244503739952
1689,0.49912228608149045,2.204244503739952
1690,0.4299961370187543,2.204244503739952
1691,0.6705662935932435,2.204244503739952
1692,0.5595955342002286,2.204244503739952
1693,0.8866823177113249,2.204244503739952
1694,0.5199157956865411,2.204244503739952
1695,0.5326276461243468,2.204244503739952
1696,0.6745466358038599,2.204244503739952
1697,0.4503528826481586,2.204244503739952
1698,0.3143683354993688,2.204244503739952
1699,0.32990486817120246,2.204244503739952
1700,0.6434276066609936,2.204244503739952
1701,0.6598643879798006,2.204244503739952
1702,0.3332474982217026,2.204244503739952
1703,0.7824601129412777,2.204244503739952
1704,0.3480508304012179,2.204244503739952
1705,0.47821868268468976,2.204244503739952
1706,0.571383377445915,2.204244503739952
1707,0.5001404534647634,2.204244503739952
1708,0.7173750419687022,2.204244503739952
1709,0.4304498325230801,2.204244503739952
1710,0.3765556836752566,2.204244503739952
1711,0.41704377481341715,2.204244503739952
1712,0.37444105934140637,2.204244503739952
1713,0.5387240766998178,2.204244503739952
1714,0.4021152677256545,2.204244503739952
1715,1.0120609500660618,2.204244503739952
1716,0.5453050717942367,2.204244503739952
1717,0.2846109787026848,2.204244503739952
1718,0.5281947190150442,2.204244503739952
1719,0.47594985782368404,2.204244503739952
1720,1.6290204623733906,2.204244503739952
1721,1.4970001575212861,2.204244503739952
1722,2.7229303376054323,2.204244503739952
1723,1.368331077034593,2.204244503739952
1724,2.3173014659802513,2.204244503739952
1725,0.9675697870217674,2.204244503739952
1726,2.051575295872736,2.204244503739952
1727,1.7906354966786646,2.204244503739952
1728,0.959041221815695,2.204244503739952
1729,1.2140389543104084,2.204244503739952
1730,2.0735211891202994,2.204244503739952
1731,2.425807374106477,2.204244503739952
1732,1.887401857166041,2.204244503739952
1733,0.9183465796135564,2.204244503739952
1734,0.6573437229150285,2.204244503739952
1735,1.1139754776336257,2.204244503739952
1736,0.677545627873463,2.204244503739952
1737,2.212420051186478,2.204244503739952
1738,1.5793856040942091,2.204244503739952
1739,1.6143121300137773,2.204244503739952
1740,0.9582098027818718,2.204244503739952
1741,1.1663500253540682,2.204244503739952
1742,1.0585627343794544,2.204244503739952
1743,3.1778209845101406,2.204244503739952
1744,1.7671035172495542,2.204244503739952
1745,4.714717828122447,2.204244503739952
1746,4.278197887806615,2.204244503739952
1747,3.672610499020462,2.204244503739952
1748,6.439143120537128,2.204244503739952
1749,6.804000537900758,2.204244503739952
1750,4.068116144507095,2.204244503739952
1751,1.6278881706945585,2.204244503739952
1752,9.63138258719358,2.204244503739952
1753,2.9557678800312788,2.204244503739952
1754,4.710573658788115,2.204244503739952
1755,2.2634460131694323,2.204244503739952
1756,3.0666615167869447,2.204244503739952
1757,1.6932415394543487,2.204244503739952
1758,2.9908616140208313,2.204244503739952
1759,7.2752375228340185,2.204244503739952
1760,2.538753953037401,2.204244503739952
1761,2.1319032860632943,2.204244503739952
1762,1.8766161312619722,2.204244503739952
1763,1.3698535857678058,2.204244503739952
1764,6.261556567423877,2.204244503739952
1765,2.638297780439063,2.204244503739952
1766,1.378561316067632,2.204244503739952
1767,3.4790651539174187,2.204244503739952
1768,4.927872670806835,2.204244503739952
1769,2.110588694592352,2.204244503739952
1770,4.345660058032604,2.204244503739952
1771,1.4000238214411047,2.204244503739952
1772,3.6879251423401262,2.204244503739952
1773,0.6963194833169248,2.204244503739952
1774,4.78411598883881,2.204244503739952
1775,2.248964601740756,2.204244503739952
1776,1.6679247706207592,2.204244503739952
1777,0.8110007749593017,2.204244503739952
1778,0.8683428614143279,2.204244503739952
1779,2.57165563002055,2.204244503739952
1780,1.0336713089943588,2.204244503739952
1781,0.8892075971076411,2.204244503739952
1782,1.1275171833757591,2.204244503739952
1783,1.2602181893116688,2.204244503739952
1784,1.3544429162632434,2.204244503739952
1785,1.5042581386500742,2.204244503739952
1786,1.6634036807509776,2.204244503739952
1787,0.6656126127287019,2.204244503739952
1788,0.7196727790470806,2.204244503739952
1789,1.3074833462767212,2.204244503739952
1790,1.486542501293948,2.204244503739952
1791,0.7538824548114872,2.204244503739952
1792,0.8485209587009239,2.204244503739952
1793,0.8867394471012723,2.204244503739952
1794,3.336781642732652,2.204244503739952
1795,2.5208737858310206,2.204244503739952
1796,2.558004847387769,2.204244503739952
1797,1.2711326987778915,2.204244503739952
1798,1.0691087236559869,2.204244503739952
1799,2.2291021695758864,2.204244503739952
1800,1.9799819870355768,2.204244503739952
1801,1.289299024982981,2.204244503739952
1802,0.9942811766752254,2.204244503739952
1803,1.2145569359004538,2.204244503739952
1804,1.1796485007970263,2.204244503739952
1805,1.519967676265918,2.204244503739952
1806,0.9014323134299177,2.204244503739952
1807,1.6268969645923375,2.204244503739952
1808,0.9505412328691426,2.204244503739952
1809,0.8654624000318437,2.204244503739952
1810,1.0105385076155589,2.204244503739952
1811,0.9440109897967758,2.204244503739952
1812,1.7406773315019186,2.204244503739952
1813,0.7449646555301382,2.204244503739952
1814,1.0291644454913162,2.204244503739952
1815,0.8188206521008409,2.204244503739952
1816,0.5860935962801849,2.204244503739952
1817,0.7997263208366048,2.204244503739952
1818,0.5903150993682775,2.204244503739952
1819,0.8434421490782489,2.204244503739952
1820,1.3273820312301292,2.204244503739952
1821,0.7943786968565472,2.204244503739952
1822,1.0009042543246096,2.204244503739952
1823,0.6864246079671329,2.204244503739952
1824,0.7234575539892169,2.204244503739952
1825,0.765784844469032,2.204244503739952
1826,0.9996258992990719,2.204244503739952
1827,0.9950653759028423,2.204244503739952
1828,0.9084170516148238,2.204244503739952
1829,0.6021404682211747,2.204244503739952
1830,0.6861628802816847,2.204244503739952
1831,0.4935319251776992,2.204244503739952
1832,1.7119524577276155,2.204244503739952
1833,0.6511191577321813,2.204244503739952
1834,0.8292980933712513,2.204244503739952
1835,0.6187627058805041,2.204244503739952
1836,0.4560672366915088,2.204244503739952
1837,2.263600640223997,2.204244503739952
1838,0.49239370940459376,2.204244503739952
1839,1.1156311767604419,2.204244503739952
1840,0.5514765759372967,2.204244503739952
1841,0.5138319185771122,2.204244503739952
1842,0.5263024051653132,2.204244503739952
1843,0.6420800209154122,2.204244503739952
1844,0.796678810876289,2.204244503739952
1845,0.693106960419621,2.204244503739952
1846,0.6104557437565608,2.204244503739952
1847,1.4846468710126297,2.204244503739952
1848,0.47706294057189497,2.204244503739952
1849,0.8248460424505213,2.204244503739952
1850,0.64158160762231,2.204244503739952
1851,1.056007281167798,2.204244503739952
1852,0.6643204574442845,2.204244503739952
1853,0.7215522603593991,2.204244503739952
1854,0.5456197509503335,2.204244503739952
1855,0.409409689820255,2.204244503739952
1856,0.5019915721312114,2.204244503739952
1857,1.3262100409490922,2.204244503739952
1858,1.039594076737547,2.204244503739952
1859,1.347014899740985,2.204244503739952
1860,0.623126262700048,2.204244503739952
1861,1.337549314873458,2.204244503739952
1862,1.188554198477243,2.204244503739952
1863,1.6119798659857882,2.204244503739952
1864,2.208584803233319,2.204244503739952
1865,0.5992385957394751,2.204244503739952
1866,1.0619581727760619,2.204244503739952
1867,0.7287110982972069,2.204244503739952
1868,2.781408152539157,2.204244503739952
1869,0.5997820088006764,2.204244503739952
1870,1.6457946066747668,2.204244503739952
1871,0.5869228731155418,2.204244503739952
1872,1.8163110604191814,2.204244503739952
1873,0.7040559407523055,2.204244503739952
1874,0.6275470256986684,2.204244503739952
1875,1.7851594811258793,2.204244503739952
1876,2.276244404326447,2.204244503739952
1877,0.6589442944302789,2.204244503739952
1878,0.8951349507956387,2.204244503739952
1879,1.3179085281113816,2.204244503739952
1880,2.2026799053330164,2.204244503739952
1881,0.8163569434401582,2.204244503739952
1882,0.686895557400501,2.204244503739952
1883,2.2455032612641466,2.204244503739952
1884,1.859191833360811,2.204244503739952
1885,1.9561118122188066,2.204244503739952
1886,1.154856661190559,2.204244503739952
1887,0.6968448510583395,2.204244503739952
1888,0.9779222225036738,2.204244503739952
1889,1.1397368987842964,2.204244503739952
1890,0.7285798254272484,2.204244503739952
1891,1.9947944148412202,2.204244503739952
1892,1.2155786515651485,2.204244503739952
1893,1.1372738869315342,2.204244503739952
1894,2.1625988605880493,2.204244503739952
1895,1.0593931091672688,2.204244503739952
1896,0.7800953503288979,2.204244503739952
1897,2.258501575554133,2.204244503739952
1898,0.8356272682983629,2.204244503739952
1899,1.247754423418292,2.204244503739952
1900,1.0780951912506618,2.204244503739952
1901,1.5066385890080676,2.204244503739952
1902,0.8717018013272945,2.204244503739952
1903,2.805849074160713,2.204244503739952
1904,0.9714907866051578,2.204244503739952
1905,1.2661913744324034,2.204244503739952
1906,0.9347777569977489,2.204244503739952
1907,0.4948055052811456,2.204244503739952
1908,1.6088654102070976,2.204244503739952
1909,3.3240932104078555,2.204244503739952
1910,1.0431183026856987,2.204244503739952
1911,1.182102920912223,2.204244503739952
1912,1.7280838947553994,2.204244503739952
1913,1.075928858538861,2.204244503739952
1914,1.257625236100408,2.204244503739952
1915,1.2645041604984106,2.204244503739952
1916,0.748358720735175,2.204244503739952
1917,0.8449286979296429,2.204244503739952
1918,0.8011137139575983,2.204244503739952
1919,0.6735547051032895,2.204244503739952
1920,2.7772044915731278,2.204244503739952
1921,1.069857093224315,2.204244503739952
1922,5.6528234868200995,2.204244503739952
1923,0.744965841049816,2.204244503739952
1924,0.9958702763933374,2.204244503739952
1925,1.2563630666324346,2.204244503739952
1926,1.4709599749890487,2.204244503739952
1927,2.8451795402975915,2.204244503739952
1928,1.1061045659918014,2.204244503739952
1929,1.147418330167398,2.204244503739952
1930,0.8295147596513017,2.204244503739952
1931,0.5576499484593084,2.204244503739952
1932,0.5644103844841984,2.204244503739952
1933,0.5687311197669676,2.204244503739952
1934,0.7499309470003039,2.204244503739952
1935,0.6499358997995531,2.204244503739952
1936,0.5445555671383333,2.204244503739952
1937,0.7791671751405514,2.204244503739952
1938,0.8909512628230037,2.204244503739952
1939,0.8786910335053573,2.204244503739952
1940,0.6260787690459156,2.204244503739952
1941,0.7009330047596656,2.204244503739952
1942,0.6471070865256591,2.204244503739952
1943,0.591429869189688,2.204244503739952
1944,0.8325756520304273,2.204244503739952
1945,0.6744542304574582,2.204244503739952
1946,0.629798045051822,2.204244503739952
1947,0.7052276063162016,2.204244503739952
1948,0.8402789705347122,2.204244503739952
1949,2.7533233171271396,2.204244503739952
1950,0.554453620758988,2.204244503739952
1951,0.4780281181561014,2.204244503739952
1952,0.9018918128927493,2.204244503739952
1953,1.3929037955832637,2.204244503739952
1954,0.5474001299738152,2.204244503739952
1955,0.6443922452992825,2.204244503739952
1956,0.5690995583511071,2.204244503739952
1957,0.5062359914921648,2.204244503739952
1958,0.7145241486453076,2.204244503739952
1959,0.5700329709758032,2.204244503739952
1960,0.5654396296991511,2.204244503739952
1961,0.7314160563601444,2.204244503739952
1962,0.5615656375294155,2.204244503739952
1963,0.5083672717246426,2.204244503739952
1964,0.4711767683723923,2.204244503739952
1965,0.7164069304809698,2.204244503739952
1966,0.5668192915384552,2.204244503739952
1967,0.67462374748654,2.204244503739952
1968,0.5108746769849879,2.204244503739952
1969,0.40310201270917556,2.204244503739952
1970,0.45241657453521206,2.204244503739952
1971,0.47030768823107183,2.204244503739952
1972,0.4219182131168451,2.204244503739952
1973,0.49355775624421927,2.204244503739952
1974,0.4675685050255175,2.204244503739952
1975,0.6914268707932669,2.204244503739952
1976,1.3164277395392254,2.204244503739952
1977,0.66661613360376,2.204244503739952
1978,0.82281210420451,2.204244503739952
1979,0.4172425544043231,2.204244503739952
1980,0.6787506488915879,2.204244503739952
1981,0.6180952656955,2.204244503739952
1982,0.383837716534108,2.204244503739952
1983,0.6338662805341959,2.204244503739952
1984,0.4742137904928128,2.204244503739952
1985,0.7101449250426056,2.204244503739952
1986,0.5299801632826555,2.204244503739952
1987,0.8962494132756843,2.204244503739952
1988,3.1092657649007096,2.204244503739952
1989,1.4180514345491217,2.204244503739952
1990,1.3768191784326045,2.204244503739952
1991,0.4418119073723561,2.204244503739952
1992,0.49309739067462566,2.204244503739952
1993,0.6505218873576327,2.204244503739952
1994,0.3852642228892379,2.204244503739952
1995,2.0760728642054067,2.204244503739952
1996,0.6846301805798292,2.204244503739952
1997,0.4965467219114089,2.204244503739952
1998,0.5840512141757296,2.204244503739952
1999,1.4970637120903711,2.204244503739952
2000,3.205765122263262,2.204244503739952
2001,0.4193650243779516,2.204244503739952
2002,1.6861241663427111,2.204244503739952
2003,1.0818282297384112,2.204244503739952
2004,0.8919087995311001,2.204244503739952
2005,0.5083038374169035,2.204244503739952
2006,2.740209244552071,2.204244503739952
2007,1.613039032147349,2.204244503739952
2008,1.6289589455069637,2.204244503739952
2009,1.2233725854135071,2.204244503739952
2010,4.652019371726362,2.204244503739952
2011,0.7284305034077354,2.204244503739952
2012,0.961024432789122,2.204244503739952
2013,1.995201095354785,2.204244503739952
2014,1.2450818013363232,2.204244503739952
2015,3.412012946964248,2.204244503739952
2016,0.7222623444839306,2.204244503739952
2017,1.24020567606287,2.204244503739952
2018,0.9856112561448322,2.204244503739952
2019,4.868727540140258,2.204244503739952
2020,1.8102288763883823,2.204244503739952
2021,2.591487809508066,2.204244503739952
2022,3.9162844173301474,2.204244503739952
2023,1.4998313070674412,2.204244503739952
2024,6.623797930663677,2.204244503739952
2025,0.9084799160316722,2.204244503739952
2026,1.859453415041208,2.204244503739952
2027,1.3428195576987352,2.204244503739952
2028,1.2525159634701013,2.204244503739952
2029,1.8426132451244461,2.204244503739952
2030,1.1224840547663302,2.204244503739952
2031,1.2420609192589882,2.204244503739952
2032,3.333885684158087,2.204244503739952
2033,0.5542608578828349,2.204244503739952
2034,1.1727880079390192,2.204244503739952
2035,1.594139468497771,2.204244503739952
2036,1.548715338623289,2.204244503739952
2037,1.5146773872006754,2.204244503739952
2038,2.750798473297595,2.204244503739952
2039,3.290518303043748,2.204244503739952
2040,2.163511953036318,2.204244503739952
2041,1.5708441663419688,2.204244503739952
2042,0.8260967997515406,2.204244503739952
2043,2.6751381505567107,2.204244503739952
2044,4.453223295414984,2.204244503739952
2045,1.9982956397961085,2.204244503739952
2046,1.603413439192414,2.204244503739952
2047,1.4013321396849623,2.204244503739952
2048,1.348176996943954,2.204244503739952
2049,1.3085410600408192,2.204244503739952
2050,0.8272678695309132,2.204244503739952
2051,1.9982559158434985,2.204244503739952
2052,1.2306960710591168,2.204244503739952
2053,1.6616760467202307,2.204244503739952
2054,2.9719068223228904,2.204244503739952
2055,5.1844715487888475,2.204244503739952
2056,2.5232920271143673,2.204244503739952
2057,1.6299029205000322,2.204244503739952
2058,7.985947884445595,2.204244503739952
2059,4.776758619680205,2.204244503739952
2060,2.6686910734955225,2.204244503739952
2061,3.53903166800706,2.204244503739952
2062,6.778364890631511,2.204244503739952
2063,1.9979296520518939,2.204244503739952
2064,1.5870250090595297,2.204244503739952
2065,0.9807615410080985,2.204244503739952
2066,1.4850256039765795,2.204244503739952
2067,1.5342196136183612,2.204244503739952
2068,1.5009603275616428,2.204244503739952
2069,1.807164658267831,2.204244503739952
2070,1.899095340520073,2.204244503739952
2071,2.9799788973277197,2.204244503739952
2072,0.8735377615140957,2.204244503739952
2073,0.9183734648954568,2.204244503739952
2074,1.007775785838878,2.204244503739952
2075,0.8170264680536843,2.204244503739952
2076,1.981816176573751,2.204244503739952
2077,2.2027977372421628,2.204244503739952
2078,1.2163284050416783,2.204244503739952
2079,1.6565596423125666,2.204244503739952
2080,0.8156994015714477,2.204244503739952
2081,3.144435448331645,2.204244503739952
2082,1.4494897996123848,2.204244503739952
2083,0.9449098782908011,2.204244503739952
2084,0.865350453309273,2.204244503739952
2085,2.0116512292334985,2.204244503739952
2086,1.6123153359593494,2.204244503739952
2087,2.306690540297402,2.204244503739952
2088,1.2859362641579106,2.204244503739952
2089,0.8484204311813498,2.204244503739952
2090,1.982677130329926,2.204244503739952
2091,0.7472687184103668,2.204244503739952
2092,0.8265057113216726,2.204244503739952
2093,0.9259791703506111,2.204244503739952
2094,1.0278880923241922,2.204244503739952
2095,0.860391761237295,2.204244503739952
2096,1.3189031713862531,2.204244503739952
2097,3.2325477400589793,2.204244503739952
2098,0.9213488405394301,2.204244503739952
2099,0.9531993086992748,2.204244503739952
2100,0.7826254040036937,2.204244503739952
2101,0.8772485315415224,2.204244503739952
2102,1.7790246384010062,2.204244503739952
2103,0.7421091453711028,2.204244503739952
2104,0.873627624647975,2.204244503739952
2105,0.751264371115198,2.204244503739952
2106,0.7194876816185647,2.204244503739952
2107,0.8221849661336679,2.204244503739952
2108,0.6840546558033209,2.204244503739952
2109,1.3730376505759783,2.204244503739952
2110,0.9297702853354868,2.204244503739952
2111,0.9739001462328477,2.204244503739952
2112,1.2102812544834387,2.204244503739952
2113,1.066442338395225,2.204244503739952
2114,1.0803602112578943,2.204244503739952
2115,1.204210561550851,2.204244503739952
2116,1.427518846400185,2.204244503739952
2117,1.2807606470592277,2.204244503739952
2118,1.250641906891565,2.204244503739952
2119,3.6469105302203713,2.204244503739952
2120,6.285392757618256,2.204244503739952
2121,4.574254692601446,2.204244503739952
2122,4.09778372856575,2.204244503739952
2123,6.509716878849812,2.204244503739952
2124,6.092746620326292,2.204244503739952
2125,5.46720089894253,2.204244503739952
2126,7.49235752767751,2.204244503739952
2127,6.584655690968003,2.204244503739952
2128,9.235792316981406,2.204244503739952
2129,6.702379346847056,2.204244503739952
2130,8.47791519343392,2.204244503739952
2131,6.681882305810962,2.204244503739952
2132,10.6155307332689,2.204244503739952
2133,9.535184995381293,2.204244503739952
2134,13.712328861493598,2.204244503739952
2135,11.798450248316074,2.204244503739952
2136,17.475993373726634,2.204244503739952
2137,13.3830725578551,2.204244503739952
2138,12.064399192166709,2.204244503739952
2139,13.35238253533807,2.204244503739952
2140,12.142654270082312,2.204244503739952
2141,12.609211430056344,2.204244503739952
2142,13.602877017083419,2.204244503739952
2143,16.255268165804637,2.204244503739952
2144,11.683655963400906,2.204244503739952
2145,14.759918359738881,2.204244503739952
2146,13.350207688646211,2.204244503739952
2147,14.429532280873723,2.204244503739952
2148,16.517257958966784,2.204244503739952
2149,13.747473453444965,2.204244503739952
2150,12.526784739637995,2.204244503739952
2151,17.666796161578404,2.204244503739952
2152,73.17949605925054,2.204244503739952
2153,84.60705169690486,2.204244503739952
2154,63.352978431054744,2.204244503739952
2155,116.25347158800739,2.204244503739952
